#
# TABLE STRUCTURE FOR: communities
#

DROP TABLE IF EXISTS `communities`;

CREATE TABLE `communities` (
  `id` int(10) unsigned NOT NULL AUTO_INCREMENT,
  `name` varchar(150) COLLATE utf8_unicode_ci NOT NULL,
  PRIMARY KEY (`id`),
  UNIQUE KEY `name` (`name`)
) ENGINE=InnoDB AUTO_INCREMENT=101 DEFAULT CHARSET=utf8 COLLATE=utf8_unicode_ci;

INSERT INTO `communities` (`id`, `name`) VALUES (65, 'a');
INSERT INTO `communities` (`id`, `name`) VALUES (89, 'accusantium');
INSERT INTO `communities` (`id`, `name`) VALUES (84, 'ad');
INSERT INTO `communities` (`id`, `name`) VALUES (74, 'adipisci');
INSERT INTO `communities` (`id`, `name`) VALUES (48, 'amet');
INSERT INTO `communities` (`id`, `name`) VALUES (73, 'animi');
INSERT INTO `communities` (`id`, `name`) VALUES (7, 'aperiam');
INSERT INTO `communities` (`id`, `name`) VALUES (61, 'architecto');
INSERT INTO `communities` (`id`, `name`) VALUES (60, 'aspernatur');
INSERT INTO `communities` (`id`, `name`) VALUES (66, 'at');
INSERT INTO `communities` (`id`, `name`) VALUES (16, 'aut');
INSERT INTO `communities` (`id`, `name`) VALUES (17, 'autem');
INSERT INTO `communities` (`id`, `name`) VALUES (70, 'beatae');
INSERT INTO `communities` (`id`, `name`) VALUES (46, 'blanditiis');
INSERT INTO `communities` (`id`, `name`) VALUES (31, 'consequatur');
INSERT INTO `communities` (`id`, `name`) VALUES (68, 'consequuntur');
INSERT INTO `communities` (`id`, `name`) VALUES (69, 'corrupti');
INSERT INTO `communities` (`id`, `name`) VALUES (64, 'cum');
INSERT INTO `communities` (`id`, `name`) VALUES (98, 'deleniti');
INSERT INTO `communities` (`id`, `name`) VALUES (40, 'dolor');
INSERT INTO `communities` (`id`, `name`) VALUES (57, 'dolorem');
INSERT INTO `communities` (`id`, `name`) VALUES (72, 'doloremque');
INSERT INTO `communities` (`id`, `name`) VALUES (54, 'dolores');
INSERT INTO `communities` (`id`, `name`) VALUES (56, 'dolorum');
INSERT INTO `communities` (`id`, `name`) VALUES (33, 'ea');
INSERT INTO `communities` (`id`, `name`) VALUES (79, 'eaque');
INSERT INTO `communities` (`id`, `name`) VALUES (96, 'earum');
INSERT INTO `communities` (`id`, `name`) VALUES (62, 'eius');
INSERT INTO `communities` (`id`, `name`) VALUES (93, 'enim');
INSERT INTO `communities` (`id`, `name`) VALUES (35, 'error');
INSERT INTO `communities` (`id`, `name`) VALUES (24, 'esse');
INSERT INTO `communities` (`id`, `name`) VALUES (26, 'est');
INSERT INTO `communities` (`id`, `name`) VALUES (3, 'et');
INSERT INTO `communities` (`id`, `name`) VALUES (71, 'eveniet');
INSERT INTO `communities` (`id`, `name`) VALUES (39, 'ex');
INSERT INTO `communities` (`id`, `name`) VALUES (23, 'exercitationem');
INSERT INTO `communities` (`id`, `name`) VALUES (81, 'expedita');
INSERT INTO `communities` (`id`, `name`) VALUES (4, 'explicabo');
INSERT INTO `communities` (`id`, `name`) VALUES (15, 'facilis');
INSERT INTO `communities` (`id`, `name`) VALUES (63, 'id');
INSERT INTO `communities` (`id`, `name`) VALUES (55, 'illum');
INSERT INTO `communities` (`id`, `name`) VALUES (28, 'in');
INSERT INTO `communities` (`id`, `name`) VALUES (59, 'incidunt');
INSERT INTO `communities` (`id`, `name`) VALUES (32, 'ipsa');
INSERT INTO `communities` (`id`, `name`) VALUES (9, 'ipsum');
INSERT INTO `communities` (`id`, `name`) VALUES (90, 'iste');
INSERT INTO `communities` (`id`, `name`) VALUES (76, 'iusto');
INSERT INTO `communities` (`id`, `name`) VALUES (94, 'laboriosam');
INSERT INTO `communities` (`id`, `name`) VALUES (99, 'laudantium');
INSERT INTO `communities` (`id`, `name`) VALUES (52, 'magni');
INSERT INTO `communities` (`id`, `name`) VALUES (5, 'maxime');
INSERT INTO `communities` (`id`, `name`) VALUES (92, 'minima');
INSERT INTO `communities` (`id`, `name`) VALUES (11, 'minus');
INSERT INTO `communities` (`id`, `name`) VALUES (44, 'modi');
INSERT INTO `communities` (`id`, `name`) VALUES (1, 'molestiae');
INSERT INTO `communities` (`id`, `name`) VALUES (42, 'mollitia');
INSERT INTO `communities` (`id`, `name`) VALUES (95, 'natus');
INSERT INTO `communities` (`id`, `name`) VALUES (51, 'nihil');
INSERT INTO `communities` (`id`, `name`) VALUES (97, 'nisi');
INSERT INTO `communities` (`id`, `name`) VALUES (83, 'non');
INSERT INTO `communities` (`id`, `name`) VALUES (58, 'nostrum');
INSERT INTO `communities` (`id`, `name`) VALUES (77, 'nulla');
INSERT INTO `communities` (`id`, `name`) VALUES (21, 'occaecati');
INSERT INTO `communities` (`id`, `name`) VALUES (100, 'odio');
INSERT INTO `communities` (`id`, `name`) VALUES (36, 'odit');
INSERT INTO `communities` (`id`, `name`) VALUES (85, 'officia');
INSERT INTO `communities` (`id`, `name`) VALUES (45, 'omnis');
INSERT INTO `communities` (`id`, `name`) VALUES (41, 'pariatur');
INSERT INTO `communities` (`id`, `name`) VALUES (43, 'perferendis');
INSERT INTO `communities` (`id`, `name`) VALUES (2, 'provident');
INSERT INTO `communities` (`id`, `name`) VALUES (27, 'quaerat');
INSERT INTO `communities` (`id`, `name`) VALUES (13, 'qui');
INSERT INTO `communities` (`id`, `name`) VALUES (78, 'quia');
INSERT INTO `communities` (`id`, `name`) VALUES (67, 'quibusdam');
INSERT INTO `communities` (`id`, `name`) VALUES (18, 'quidem');
INSERT INTO `communities` (`id`, `name`) VALUES (14, 'quis');
INSERT INTO `communities` (`id`, `name`) VALUES (20, 'quisquam');
INSERT INTO `communities` (`id`, `name`) VALUES (30, 'quo');
INSERT INTO `communities` (`id`, `name`) VALUES (10, 'quos');
INSERT INTO `communities` (`id`, `name`) VALUES (87, 'ratione');
INSERT INTO `communities` (`id`, `name`) VALUES (34, 'rem');
INSERT INTO `communities` (`id`, `name`) VALUES (82, 'repellat');
INSERT INTO `communities` (`id`, `name`) VALUES (8, 'rerum');
INSERT INTO `communities` (`id`, `name`) VALUES (50, 'saepe');
INSERT INTO `communities` (`id`, `name`) VALUES (38, 'sed');
INSERT INTO `communities` (`id`, `name`) VALUES (75, 'sequi');
INSERT INTO `communities` (`id`, `name`) VALUES (25, 'sint');
INSERT INTO `communities` (`id`, `name`) VALUES (12, 'sit');
INSERT INTO `communities` (`id`, `name`) VALUES (86, 'soluta');
INSERT INTO `communities` (`id`, `name`) VALUES (47, 'sunt');
INSERT INTO `communities` (`id`, `name`) VALUES (37, 'tempora');
INSERT INTO `communities` (`id`, `name`) VALUES (91, 'unde');
INSERT INTO `communities` (`id`, `name`) VALUES (80, 'ut');
INSERT INTO `communities` (`id`, `name`) VALUES (6, 'vel');
INSERT INTO `communities` (`id`, `name`) VALUES (29, 'veniam');
INSERT INTO `communities` (`id`, `name`) VALUES (88, 'vitae');
INSERT INTO `communities` (`id`, `name`) VALUES (53, 'voluptas');
INSERT INTO `communities` (`id`, `name`) VALUES (49, 'voluptate');
INSERT INTO `communities` (`id`, `name`) VALUES (22, 'voluptatem');
INSERT INTO `communities` (`id`, `name`) VALUES (19, 'voluptatum');


#
# TABLE STRUCTURE FOR: communities_users
#

DROP TABLE IF EXISTS `communities_users`;

CREATE TABLE `communities_users` (
  `community_id` int(10) unsigned NOT NULL,
  `user_id` int(10) unsigned NOT NULL,
  PRIMARY KEY (`community_id`,`user_id`)
) ENGINE=InnoDB DEFAULT CHARSET=utf8 COLLATE=utf8_unicode_ci;

INSERT INTO `communities_users` (`community_id`, `user_id`) VALUES (1, 76);
INSERT INTO `communities_users` (`community_id`, `user_id`) VALUES (2, 11);
INSERT INTO `communities_users` (`community_id`, `user_id`) VALUES (2, 59);
INSERT INTO `communities_users` (`community_id`, `user_id`) VALUES (4, 2);
INSERT INTO `communities_users` (`community_id`, `user_id`) VALUES (4, 85);
INSERT INTO `communities_users` (`community_id`, `user_id`) VALUES (6, 27);
INSERT INTO `communities_users` (`community_id`, `user_id`) VALUES (6, 47);
INSERT INTO `communities_users` (`community_id`, `user_id`) VALUES (9, 58);
INSERT INTO `communities_users` (`community_id`, `user_id`) VALUES (9, 85);
INSERT INTO `communities_users` (`community_id`, `user_id`) VALUES (12, 13);
INSERT INTO `communities_users` (`community_id`, `user_id`) VALUES (13, 2);
INSERT INTO `communities_users` (`community_id`, `user_id`) VALUES (14, 7);
INSERT INTO `communities_users` (`community_id`, `user_id`) VALUES (16, 48);
INSERT INTO `communities_users` (`community_id`, `user_id`) VALUES (16, 53);
INSERT INTO `communities_users` (`community_id`, `user_id`) VALUES (19, 40);
INSERT INTO `communities_users` (`community_id`, `user_id`) VALUES (20, 33);
INSERT INTO `communities_users` (`community_id`, `user_id`) VALUES (20, 75);
INSERT INTO `communities_users` (`community_id`, `user_id`) VALUES (20, 79);
INSERT INTO `communities_users` (`community_id`, `user_id`) VALUES (22, 45);
INSERT INTO `communities_users` (`community_id`, `user_id`) VALUES (22, 46);
INSERT INTO `communities_users` (`community_id`, `user_id`) VALUES (22, 96);
INSERT INTO `communities_users` (`community_id`, `user_id`) VALUES (23, 47);
INSERT INTO `communities_users` (`community_id`, `user_id`) VALUES (24, 72);
INSERT INTO `communities_users` (`community_id`, `user_id`) VALUES (24, 82);
INSERT INTO `communities_users` (`community_id`, `user_id`) VALUES (25, 16);
INSERT INTO `communities_users` (`community_id`, `user_id`) VALUES (25, 44);
INSERT INTO `communities_users` (`community_id`, `user_id`) VALUES (27, 46);
INSERT INTO `communities_users` (`community_id`, `user_id`) VALUES (27, 48);
INSERT INTO `communities_users` (`community_id`, `user_id`) VALUES (28, 75);
INSERT INTO `communities_users` (`community_id`, `user_id`) VALUES (28, 97);
INSERT INTO `communities_users` (`community_id`, `user_id`) VALUES (30, 33);
INSERT INTO `communities_users` (`community_id`, `user_id`) VALUES (30, 35);
INSERT INTO `communities_users` (`community_id`, `user_id`) VALUES (31, 66);
INSERT INTO `communities_users` (`community_id`, `user_id`) VALUES (32, 6);
INSERT INTO `communities_users` (`community_id`, `user_id`) VALUES (32, 7);
INSERT INTO `communities_users` (`community_id`, `user_id`) VALUES (32, 31);
INSERT INTO `communities_users` (`community_id`, `user_id`) VALUES (32, 80);
INSERT INTO `communities_users` (`community_id`, `user_id`) VALUES (33, 41);
INSERT INTO `communities_users` (`community_id`, `user_id`) VALUES (34, 89);
INSERT INTO `communities_users` (`community_id`, `user_id`) VALUES (38, 21);
INSERT INTO `communities_users` (`community_id`, `user_id`) VALUES (38, 30);
INSERT INTO `communities_users` (`community_id`, `user_id`) VALUES (38, 44);
INSERT INTO `communities_users` (`community_id`, `user_id`) VALUES (39, 40);
INSERT INTO `communities_users` (`community_id`, `user_id`) VALUES (39, 48);
INSERT INTO `communities_users` (`community_id`, `user_id`) VALUES (41, 64);
INSERT INTO `communities_users` (`community_id`, `user_id`) VALUES (42, 58);
INSERT INTO `communities_users` (`community_id`, `user_id`) VALUES (43, 61);
INSERT INTO `communities_users` (`community_id`, `user_id`) VALUES (43, 62);
INSERT INTO `communities_users` (`community_id`, `user_id`) VALUES (44, 30);
INSERT INTO `communities_users` (`community_id`, `user_id`) VALUES (46, 10);
INSERT INTO `communities_users` (`community_id`, `user_id`) VALUES (46, 93);
INSERT INTO `communities_users` (`community_id`, `user_id`) VALUES (48, 63);
INSERT INTO `communities_users` (`community_id`, `user_id`) VALUES (51, 55);
INSERT INTO `communities_users` (`community_id`, `user_id`) VALUES (52, 34);
INSERT INTO `communities_users` (`community_id`, `user_id`) VALUES (52, 73);
INSERT INTO `communities_users` (`community_id`, `user_id`) VALUES (54, 39);
INSERT INTO `communities_users` (`community_id`, `user_id`) VALUES (55, 95);
INSERT INTO `communities_users` (`community_id`, `user_id`) VALUES (56, 93);
INSERT INTO `communities_users` (`community_id`, `user_id`) VALUES (57, 69);
INSERT INTO `communities_users` (`community_id`, `user_id`) VALUES (59, 31);
INSERT INTO `communities_users` (`community_id`, `user_id`) VALUES (59, 55);
INSERT INTO `communities_users` (`community_id`, `user_id`) VALUES (59, 74);
INSERT INTO `communities_users` (`community_id`, `user_id`) VALUES (60, 44);
INSERT INTO `communities_users` (`community_id`, `user_id`) VALUES (60, 76);
INSERT INTO `communities_users` (`community_id`, `user_id`) VALUES (61, 49);
INSERT INTO `communities_users` (`community_id`, `user_id`) VALUES (66, 90);
INSERT INTO `communities_users` (`community_id`, `user_id`) VALUES (67, 55);
INSERT INTO `communities_users` (`community_id`, `user_id`) VALUES (68, 30);
INSERT INTO `communities_users` (`community_id`, `user_id`) VALUES (68, 60);
INSERT INTO `communities_users` (`community_id`, `user_id`) VALUES (69, 98);
INSERT INTO `communities_users` (`community_id`, `user_id`) VALUES (70, 10);
INSERT INTO `communities_users` (`community_id`, `user_id`) VALUES (71, 98);
INSERT INTO `communities_users` (`community_id`, `user_id`) VALUES (72, 41);
INSERT INTO `communities_users` (`community_id`, `user_id`) VALUES (72, 84);
INSERT INTO `communities_users` (`community_id`, `user_id`) VALUES (73, 54);
INSERT INTO `communities_users` (`community_id`, `user_id`) VALUES (74, 89);
INSERT INTO `communities_users` (`community_id`, `user_id`) VALUES (75, 16);
INSERT INTO `communities_users` (`community_id`, `user_id`) VALUES (75, 94);
INSERT INTO `communities_users` (`community_id`, `user_id`) VALUES (76, 74);
INSERT INTO `communities_users` (`community_id`, `user_id`) VALUES (77, 19);
INSERT INTO `communities_users` (`community_id`, `user_id`) VALUES (79, 7);
INSERT INTO `communities_users` (`community_id`, `user_id`) VALUES (80, 11);
INSERT INTO `communities_users` (`community_id`, `user_id`) VALUES (80, 53);
INSERT INTO `communities_users` (`community_id`, `user_id`) VALUES (84, 66);
INSERT INTO `communities_users` (`community_id`, `user_id`) VALUES (84, 80);
INSERT INTO `communities_users` (`community_id`, `user_id`) VALUES (86, 90);
INSERT INTO `communities_users` (`community_id`, `user_id`) VALUES (86, 99);
INSERT INTO `communities_users` (`community_id`, `user_id`) VALUES (87, 89);
INSERT INTO `communities_users` (`community_id`, `user_id`) VALUES (88, 53);
INSERT INTO `communities_users` (`community_id`, `user_id`) VALUES (88, 78);
INSERT INTO `communities_users` (`community_id`, `user_id`) VALUES (89, 25);
INSERT INTO `communities_users` (`community_id`, `user_id`) VALUES (89, 37);
INSERT INTO `communities_users` (`community_id`, `user_id`) VALUES (90, 8);
INSERT INTO `communities_users` (`community_id`, `user_id`) VALUES (92, 84);
INSERT INTO `communities_users` (`community_id`, `user_id`) VALUES (95, 14);
INSERT INTO `communities_users` (`community_id`, `user_id`) VALUES (95, 49);
INSERT INTO `communities_users` (`community_id`, `user_id`) VALUES (95, 59);
INSERT INTO `communities_users` (`community_id`, `user_id`) VALUES (95, 74);
INSERT INTO `communities_users` (`community_id`, `user_id`) VALUES (98, 59);
INSERT INTO `communities_users` (`community_id`, `user_id`) VALUES (100, 2);


#
# TABLE STRUCTURE FOR: friendship
#

DROP TABLE IF EXISTS `friendship`;

CREATE TABLE `friendship` (
  `user_id` int(10) unsigned NOT NULL,
  `friend_id` int(10) unsigned NOT NULL,
  `status_id` int(10) unsigned NOT NULL,
  `requested_at` datetime DEFAULT current_timestamp(),
  `confirmed_at` datetime DEFAULT NULL,
  PRIMARY KEY (`user_id`,`friend_id`)
) ENGINE=InnoDB DEFAULT CHARSET=utf8 COLLATE=utf8_unicode_ci;

INSERT INTO `friendship` (`user_id`, `friend_id`, `status_id`, `requested_at`, `confirmed_at`) VALUES (1, 38, 102, '2020-01-01 13:40:54', '2015-05-06 01:52:49');
INSERT INTO `friendship` (`user_id`, `friend_id`, `status_id`, `requested_at`, `confirmed_at`) VALUES (2, 89, 102, '2017-08-11 22:17:23', '2014-10-23 07:16:52');
INSERT INTO `friendship` (`user_id`, `friend_id`, `status_id`, `requested_at`, `confirmed_at`) VALUES (3, 5, 103, '2017-07-08 22:50:20', '2011-11-09 09:46:09');
INSERT INTO `friendship` (`user_id`, `friend_id`, `status_id`, `requested_at`, `confirmed_at`) VALUES (4, 38, 102, '2018-01-21 16:57:37', '2013-09-26 05:09:25');
INSERT INTO `friendship` (`user_id`, `friend_id`, `status_id`, `requested_at`, `confirmed_at`) VALUES (5, 53, 101, '2012-01-22 17:25:59', '2012-04-12 08:33:20');
INSERT INTO `friendship` (`user_id`, `friend_id`, `status_id`, `requested_at`, `confirmed_at`) VALUES (5, 69, 101, '2014-06-30 20:43:22', '2018-02-24 18:45:16');
INSERT INTO `friendship` (`user_id`, `friend_id`, `status_id`, `requested_at`, `confirmed_at`) VALUES (5, 89, 103, '2015-10-01 09:57:26', '2012-12-14 03:41:22');
INSERT INTO `friendship` (`user_id`, `friend_id`, `status_id`, `requested_at`, `confirmed_at`) VALUES (8, 68, 103, '2015-11-25 12:41:22', '2013-03-22 03:31:59');
INSERT INTO `friendship` (`user_id`, `friend_id`, `status_id`, `requested_at`, `confirmed_at`) VALUES (9, 78, 101, '2010-10-18 12:17:21', '2020-02-28 15:40:02');
INSERT INTO `friendship` (`user_id`, `friend_id`, `status_id`, `requested_at`, `confirmed_at`) VALUES (10, 55, 101, '2018-06-07 14:46:41', '2015-11-25 23:54:07');
INSERT INTO `friendship` (`user_id`, `friend_id`, `status_id`, `requested_at`, `confirmed_at`) VALUES (12, 43, 102, '2013-04-01 05:42:50', '2017-05-15 13:08:25');
INSERT INTO `friendship` (`user_id`, `friend_id`, `status_id`, `requested_at`, `confirmed_at`) VALUES (14, 6, 103, '2010-08-23 08:59:27', '2019-07-03 01:23:53');
INSERT INTO `friendship` (`user_id`, `friend_id`, `status_id`, `requested_at`, `confirmed_at`) VALUES (15, 14, 103, '2012-08-07 16:08:40', '2014-07-20 18:03:44');
INSERT INTO `friendship` (`user_id`, `friend_id`, `status_id`, `requested_at`, `confirmed_at`) VALUES (15, 16, 102, '2013-02-13 06:33:55', '2010-08-01 07:19:41');
INSERT INTO `friendship` (`user_id`, `friend_id`, `status_id`, `requested_at`, `confirmed_at`) VALUES (18, 76, 103, '2010-12-03 08:51:36', '2011-11-23 04:43:23');
INSERT INTO `friendship` (`user_id`, `friend_id`, `status_id`, `requested_at`, `confirmed_at`) VALUES (19, 49, 103, '2019-01-14 09:34:19', '2019-01-13 10:46:14');
INSERT INTO `friendship` (`user_id`, `friend_id`, `status_id`, `requested_at`, `confirmed_at`) VALUES (20, 59, 103, '2017-12-02 15:33:22', '2012-08-10 19:30:07');
INSERT INTO `friendship` (`user_id`, `friend_id`, `status_id`, `requested_at`, `confirmed_at`) VALUES (23, 15, 102, '2010-05-12 16:24:18', '2014-02-13 04:11:06');
INSERT INTO `friendship` (`user_id`, `friend_id`, `status_id`, `requested_at`, `confirmed_at`) VALUES (24, 73, 101, '2018-01-23 23:31:47', '2019-10-02 18:47:52');
INSERT INTO `friendship` (`user_id`, `friend_id`, `status_id`, `requested_at`, `confirmed_at`) VALUES (28, 14, 103, '2017-06-30 00:50:53', '2020-04-14 05:11:43');
INSERT INTO `friendship` (`user_id`, `friend_id`, `status_id`, `requested_at`, `confirmed_at`) VALUES (28, 17, 103, '2018-05-09 03:53:49', '2013-03-20 11:34:29');
INSERT INTO `friendship` (`user_id`, `friend_id`, `status_id`, `requested_at`, `confirmed_at`) VALUES (29, 80, 103, '2019-02-23 07:20:00', '2017-09-18 14:27:42');
INSERT INTO `friendship` (`user_id`, `friend_id`, `status_id`, `requested_at`, `confirmed_at`) VALUES (30, 53, 101, '2011-12-24 10:06:59', '2020-01-12 12:31:28');
INSERT INTO `friendship` (`user_id`, `friend_id`, `status_id`, `requested_at`, `confirmed_at`) VALUES (31, 25, 101, '2010-06-03 10:47:46', '2018-07-23 03:19:57');
INSERT INTO `friendship` (`user_id`, `friend_id`, `status_id`, `requested_at`, `confirmed_at`) VALUES (31, 81, 103, '2015-03-26 23:30:35', '2014-08-06 16:40:08');
INSERT INTO `friendship` (`user_id`, `friend_id`, `status_id`, `requested_at`, `confirmed_at`) VALUES (32, 28, 103, '2013-05-10 03:36:45', '2012-05-31 20:25:04');
INSERT INTO `friendship` (`user_id`, `friend_id`, `status_id`, `requested_at`, `confirmed_at`) VALUES (32, 93, 101, '2019-01-25 22:40:35', '2017-11-13 12:57:45');
INSERT INTO `friendship` (`user_id`, `friend_id`, `status_id`, `requested_at`, `confirmed_at`) VALUES (33, 59, 103, '2013-02-02 17:37:43', '2012-10-15 01:01:15');
INSERT INTO `friendship` (`user_id`, `friend_id`, `status_id`, `requested_at`, `confirmed_at`) VALUES (34, 64, 101, '2019-11-11 17:30:48', '2012-03-31 08:07:46');
INSERT INTO `friendship` (`user_id`, `friend_id`, `status_id`, `requested_at`, `confirmed_at`) VALUES (35, 1, 101, '2013-08-02 04:38:30', '2019-12-09 14:42:20');
INSERT INTO `friendship` (`user_id`, `friend_id`, `status_id`, `requested_at`, `confirmed_at`) VALUES (38, 46, 103, '2013-05-06 23:29:07', '2018-10-23 23:45:40');
INSERT INTO `friendship` (`user_id`, `friend_id`, `status_id`, `requested_at`, `confirmed_at`) VALUES (38, 80, 101, '2013-09-01 17:00:44', '2019-11-11 12:27:06');
INSERT INTO `friendship` (`user_id`, `friend_id`, `status_id`, `requested_at`, `confirmed_at`) VALUES (38, 94, 102, '2011-06-04 12:08:20', '2017-10-21 10:45:57');
INSERT INTO `friendship` (`user_id`, `friend_id`, `status_id`, `requested_at`, `confirmed_at`) VALUES (39, 57, 103, '2017-11-08 12:27:15', '2018-10-18 23:41:54');
INSERT INTO `friendship` (`user_id`, `friend_id`, `status_id`, `requested_at`, `confirmed_at`) VALUES (39, 70, 101, '2011-10-11 02:42:59', '2017-01-25 04:50:22');
INSERT INTO `friendship` (`user_id`, `friend_id`, `status_id`, `requested_at`, `confirmed_at`) VALUES (40, 3, 103, '2013-08-17 21:25:55', '2011-04-07 21:16:54');
INSERT INTO `friendship` (`user_id`, `friend_id`, `status_id`, `requested_at`, `confirmed_at`) VALUES (41, 90, 102, '2011-08-26 21:00:29', '2011-12-04 21:11:30');
INSERT INTO `friendship` (`user_id`, `friend_id`, `status_id`, `requested_at`, `confirmed_at`) VALUES (42, 99, 101, '2019-01-23 07:44:04', '2016-11-05 14:57:46');
INSERT INTO `friendship` (`user_id`, `friend_id`, `status_id`, `requested_at`, `confirmed_at`) VALUES (45, 34, 102, '2016-06-12 20:07:44', '2012-07-17 20:44:28');
INSERT INTO `friendship` (`user_id`, `friend_id`, `status_id`, `requested_at`, `confirmed_at`) VALUES (46, 41, 102, '2018-08-27 06:10:30', '2020-04-17 00:33:59');
INSERT INTO `friendship` (`user_id`, `friend_id`, `status_id`, `requested_at`, `confirmed_at`) VALUES (48, 30, 102, '2012-06-04 20:32:01', '2012-12-01 13:39:27');
INSERT INTO `friendship` (`user_id`, `friend_id`, `status_id`, `requested_at`, `confirmed_at`) VALUES (48, 92, 102, '2018-02-12 09:39:16', '2016-11-23 03:33:48');
INSERT INTO `friendship` (`user_id`, `friend_id`, `status_id`, `requested_at`, `confirmed_at`) VALUES (49, 21, 101, '2014-12-26 02:07:29', '2013-03-21 19:10:41');
INSERT INTO `friendship` (`user_id`, `friend_id`, `status_id`, `requested_at`, `confirmed_at`) VALUES (49, 90, 102, '2015-06-13 07:32:46', '2012-08-26 00:22:51');
INSERT INTO `friendship` (`user_id`, `friend_id`, `status_id`, `requested_at`, `confirmed_at`) VALUES (50, 13, 102, '2016-07-11 17:57:11', '2016-04-30 03:54:41');
INSERT INTO `friendship` (`user_id`, `friend_id`, `status_id`, `requested_at`, `confirmed_at`) VALUES (50, 61, 103, '2017-06-19 03:45:49', '2010-05-09 09:14:25');
INSERT INTO `friendship` (`user_id`, `friend_id`, `status_id`, `requested_at`, `confirmed_at`) VALUES (50, 70, 101, '2016-02-16 22:57:24', '2014-06-01 12:51:52');
INSERT INTO `friendship` (`user_id`, `friend_id`, `status_id`, `requested_at`, `confirmed_at`) VALUES (52, 2, 102, '2016-05-07 09:39:03', '2010-05-17 08:43:05');
INSERT INTO `friendship` (`user_id`, `friend_id`, `status_id`, `requested_at`, `confirmed_at`) VALUES (52, 74, 102, '2016-03-07 18:11:24', '2019-04-24 01:07:49');
INSERT INTO `friendship` (`user_id`, `friend_id`, `status_id`, `requested_at`, `confirmed_at`) VALUES (54, 5, 103, '2017-10-29 01:43:30', '2010-12-31 22:07:19');
INSERT INTO `friendship` (`user_id`, `friend_id`, `status_id`, `requested_at`, `confirmed_at`) VALUES (54, 48, 103, '2010-07-24 19:47:27', '2012-10-04 19:02:44');
INSERT INTO `friendship` (`user_id`, `friend_id`, `status_id`, `requested_at`, `confirmed_at`) VALUES (54, 65, 101, '2018-11-26 20:11:36', '2013-05-22 00:44:51');
INSERT INTO `friendship` (`user_id`, `friend_id`, `status_id`, `requested_at`, `confirmed_at`) VALUES (54, 96, 103, '2020-02-19 17:38:41', '2017-09-11 23:14:45');
INSERT INTO `friendship` (`user_id`, `friend_id`, `status_id`, `requested_at`, `confirmed_at`) VALUES (55, 76, 102, '2012-08-27 02:18:20', '2018-05-19 07:41:04');
INSERT INTO `friendship` (`user_id`, `friend_id`, `status_id`, `requested_at`, `confirmed_at`) VALUES (57, 48, 103, '2013-03-29 20:07:21', '2012-06-28 07:24:30');
INSERT INTO `friendship` (`user_id`, `friend_id`, `status_id`, `requested_at`, `confirmed_at`) VALUES (57, 82, 103, '2018-01-04 16:14:43', '2012-06-04 13:19:29');
INSERT INTO `friendship` (`user_id`, `friend_id`, `status_id`, `requested_at`, `confirmed_at`) VALUES (57, 92, 102, '2014-05-21 23:35:25', '2013-04-17 05:56:18');
INSERT INTO `friendship` (`user_id`, `friend_id`, `status_id`, `requested_at`, `confirmed_at`) VALUES (57, 95, 102, '2020-02-04 18:12:17', '2020-03-13 00:47:29');
INSERT INTO `friendship` (`user_id`, `friend_id`, `status_id`, `requested_at`, `confirmed_at`) VALUES (58, 45, 101, '2017-12-08 13:39:58', '2015-05-14 11:07:58');
INSERT INTO `friendship` (`user_id`, `friend_id`, `status_id`, `requested_at`, `confirmed_at`) VALUES (58, 51, 102, '2018-02-16 22:53:24', '2018-05-10 01:32:54');
INSERT INTO `friendship` (`user_id`, `friend_id`, `status_id`, `requested_at`, `confirmed_at`) VALUES (59, 31, 102, '2019-03-21 08:28:10', '2020-04-16 13:52:37');
INSERT INTO `friendship` (`user_id`, `friend_id`, `status_id`, `requested_at`, `confirmed_at`) VALUES (59, 61, 101, '2012-06-21 13:45:23', '2018-11-04 23:37:16');
INSERT INTO `friendship` (`user_id`, `friend_id`, `status_id`, `requested_at`, `confirmed_at`) VALUES (59, 91, 103, '2016-07-04 01:30:13', '2018-08-28 18:34:54');
INSERT INTO `friendship` (`user_id`, `friend_id`, `status_id`, `requested_at`, `confirmed_at`) VALUES (60, 68, 103, '2017-01-13 01:44:41', '2014-12-07 19:39:13');
INSERT INTO `friendship` (`user_id`, `friend_id`, `status_id`, `requested_at`, `confirmed_at`) VALUES (61, 16, 102, '2013-10-21 19:46:19', '2014-07-27 03:53:22');
INSERT INTO `friendship` (`user_id`, `friend_id`, `status_id`, `requested_at`, `confirmed_at`) VALUES (64, 62, 103, '2018-06-14 00:46:20', '2019-06-17 23:18:43');
INSERT INTO `friendship` (`user_id`, `friend_id`, `status_id`, `requested_at`, `confirmed_at`) VALUES (65, 63, 101, '2015-03-31 13:57:26', '2017-10-05 05:35:30');
INSERT INTO `friendship` (`user_id`, `friend_id`, `status_id`, `requested_at`, `confirmed_at`) VALUES (66, 44, 102, '2017-05-31 05:36:34', '2014-04-20 04:46:02');
INSERT INTO `friendship` (`user_id`, `friend_id`, `status_id`, `requested_at`, `confirmed_at`) VALUES (66, 50, 103, '2017-09-07 02:30:34', '2012-02-21 14:10:59');
INSERT INTO `friendship` (`user_id`, `friend_id`, `status_id`, `requested_at`, `confirmed_at`) VALUES (69, 98, 103, '2011-12-14 06:24:36', '2012-12-21 23:21:43');
INSERT INTO `friendship` (`user_id`, `friend_id`, `status_id`, `requested_at`, `confirmed_at`) VALUES (71, 31, 103, '2019-08-04 10:20:30', '2015-09-13 06:35:42');
INSERT INTO `friendship` (`user_id`, `friend_id`, `status_id`, `requested_at`, `confirmed_at`) VALUES (71, 74, 103, '2012-03-07 14:09:59', '2020-04-07 05:48:28');
INSERT INTO `friendship` (`user_id`, `friend_id`, `status_id`, `requested_at`, `confirmed_at`) VALUES (75, 86, 102, '2010-12-17 06:48:19', '2014-02-17 11:32:07');
INSERT INTO `friendship` (`user_id`, `friend_id`, `status_id`, `requested_at`, `confirmed_at`) VALUES (79, 1, 102, '2017-12-16 10:05:40', '2015-05-29 09:54:59');
INSERT INTO `friendship` (`user_id`, `friend_id`, `status_id`, `requested_at`, `confirmed_at`) VALUES (79, 33, 101, '2011-11-12 01:48:36', '2012-11-05 12:21:53');
INSERT INTO `friendship` (`user_id`, `friend_id`, `status_id`, `requested_at`, `confirmed_at`) VALUES (79, 81, 102, '2019-05-06 01:04:39', '2011-02-21 11:35:53');
INSERT INTO `friendship` (`user_id`, `friend_id`, `status_id`, `requested_at`, `confirmed_at`) VALUES (80, 10, 103, '2018-12-10 04:02:06', '2013-01-03 21:56:45');
INSERT INTO `friendship` (`user_id`, `friend_id`, `status_id`, `requested_at`, `confirmed_at`) VALUES (80, 29, 103, '2018-10-06 10:16:23', '2013-02-28 18:53:27');
INSERT INTO `friendship` (`user_id`, `friend_id`, `status_id`, `requested_at`, `confirmed_at`) VALUES (81, 64, 101, '2019-01-16 15:46:53', '2014-06-21 10:28:12');
INSERT INTO `friendship` (`user_id`, `friend_id`, `status_id`, `requested_at`, `confirmed_at`) VALUES (82, 1, 102, '2018-11-29 22:16:25', '2013-03-06 01:08:14');
INSERT INTO `friendship` (`user_id`, `friend_id`, `status_id`, `requested_at`, `confirmed_at`) VALUES (83, 77, 102, '2017-02-20 16:56:58', '2014-07-19 19:21:34');
INSERT INTO `friendship` (`user_id`, `friend_id`, `status_id`, `requested_at`, `confirmed_at`) VALUES (84, 31, 101, '2011-06-22 22:17:21', '2017-01-16 08:17:39');
INSERT INTO `friendship` (`user_id`, `friend_id`, `status_id`, `requested_at`, `confirmed_at`) VALUES (84, 80, 101, '2011-12-05 07:36:19', '2014-04-11 18:55:16');
INSERT INTO `friendship` (`user_id`, `friend_id`, `status_id`, `requested_at`, `confirmed_at`) VALUES (85, 11, 101, '2019-05-13 22:43:16', '2012-12-25 12:57:07');
INSERT INTO `friendship` (`user_id`, `friend_id`, `status_id`, `requested_at`, `confirmed_at`) VALUES (85, 20, 101, '2018-02-10 21:19:01', '2018-03-19 05:12:34');
INSERT INTO `friendship` (`user_id`, `friend_id`, `status_id`, `requested_at`, `confirmed_at`) VALUES (85, 41, 103, '2012-12-02 21:42:39', '2017-04-14 20:43:22');
INSERT INTO `friendship` (`user_id`, `friend_id`, `status_id`, `requested_at`, `confirmed_at`) VALUES (85, 54, 102, '2012-11-06 16:16:21', '2011-11-07 07:09:41');
INSERT INTO `friendship` (`user_id`, `friend_id`, `status_id`, `requested_at`, `confirmed_at`) VALUES (88, 35, 103, '2018-08-14 05:57:02', '2016-12-04 09:44:34');
INSERT INTO `friendship` (`user_id`, `friend_id`, `status_id`, `requested_at`, `confirmed_at`) VALUES (89, 81, 103, '2013-07-22 06:29:29', '2011-08-05 20:49:33');
INSERT INTO `friendship` (`user_id`, `friend_id`, `status_id`, `requested_at`, `confirmed_at`) VALUES (92, 19, 103, '2014-10-12 01:11:40', '2012-09-17 17:40:52');
INSERT INTO `friendship` (`user_id`, `friend_id`, `status_id`, `requested_at`, `confirmed_at`) VALUES (92, 28, 101, '2016-06-10 01:09:41', '2015-04-20 03:00:55');
INSERT INTO `friendship` (`user_id`, `friend_id`, `status_id`, `requested_at`, `confirmed_at`) VALUES (93, 75, 103, '2018-12-13 04:22:01', '2012-12-30 06:59:50');
INSERT INTO `friendship` (`user_id`, `friend_id`, `status_id`, `requested_at`, `confirmed_at`) VALUES (93, 77, 101, '2019-11-20 14:58:05', '2011-02-27 21:10:25');
INSERT INTO `friendship` (`user_id`, `friend_id`, `status_id`, `requested_at`, `confirmed_at`) VALUES (94, 16, 101, '2018-03-08 08:02:14', '2014-12-15 22:12:49');
INSERT INTO `friendship` (`user_id`, `friend_id`, `status_id`, `requested_at`, `confirmed_at`) VALUES (96, 7, 101, '2018-12-11 03:05:43', '2018-06-27 13:30:53');
INSERT INTO `friendship` (`user_id`, `friend_id`, `status_id`, `requested_at`, `confirmed_at`) VALUES (98, 4, 103, '2019-08-17 04:48:35', '2012-03-25 21:23:04');
INSERT INTO `friendship` (`user_id`, `friend_id`, `status_id`, `requested_at`, `confirmed_at`) VALUES (98, 21, 103, '2016-07-15 10:06:05', '2013-07-19 15:41:10');
INSERT INTO `friendship` (`user_id`, `friend_id`, `status_id`, `requested_at`, `confirmed_at`) VALUES (98, 27, 101, '2013-07-08 23:44:50', '2012-08-17 23:09:03');
INSERT INTO `friendship` (`user_id`, `friend_id`, `status_id`, `requested_at`, `confirmed_at`) VALUES (99, 88, 102, '2012-06-17 04:59:06', '2018-03-12 19:16:52');


#
# TABLE STRUCTURE FOR: friendship_statuses
#

DROP TABLE IF EXISTS `friendship_statuses`;

CREATE TABLE `friendship_statuses` (
  `id` int(10) unsigned NOT NULL AUTO_INCREMENT,
  `name` varchar(150) COLLATE utf8_unicode_ci NOT NULL,
  PRIMARY KEY (`id`),
  UNIQUE KEY `name` (`name`)
) ENGINE=InnoDB AUTO_INCREMENT=201 DEFAULT CHARSET=utf8 COLLATE=utf8_unicode_ci;

INSERT INTO `friendship_statuses` (`id`, `name`) VALUES (101, 'friend');
INSERT INTO `friendship_statuses` (`id`, `name`) VALUES (102, 'not_friend');
INSERT INTO `friendship_statuses` (`id`, `name`) VALUES (103, 'subscriber');


#
# TABLE STRUCTURE FOR: media
#

DROP TABLE IF EXISTS `media`;

CREATE TABLE `media` (
  `id` int(10) unsigned NOT NULL AUTO_INCREMENT,
  `media_type_id` int(10) unsigned NOT NULL,
  `user_id` int(10) unsigned NOT NULL,
  `filename` varchar(255) COLLATE utf8_unicode_ci NOT NULL,
  `size` int(11) NOT NULL,
  `metadata` longtext CHARACTER SET utf8mb4 COLLATE utf8mb4_bin DEFAULT NULL,
  `created_at` datetime DEFAULT current_timestamp(),
  `updated_at` datetime DEFAULT current_timestamp() ON UPDATE current_timestamp(),
  PRIMARY KEY (`id`)
) ENGINE=InnoDB AUTO_INCREMENT=101 DEFAULT CHARSET=utf8 COLLATE=utf8_unicode_ci;

INSERT INTO `media` (`id`, `media_type_id`, `user_id`, `filename`, `size`, `metadata`, `created_at`, `updated_at`) VALUES (1, 99, 66, 'quaerat', 1593, 'a2a291e627dcdca86d687f813ea98c6e27cc7c5de547282f5644a1a9f1dd39f3', '2016-11-15 21:49:23', '2012-12-31 19:41:11');
INSERT INTO `media` (`id`, `media_type_id`, `user_id`, `filename`, `size`, `metadata`, `created_at`, `updated_at`) VALUES (2, 69, 57, 'quis', 971, '88cda16a1497aa93bab1f01615d89382bf74009f13d237a7debdaf593cfd7acc', '2017-12-10 16:24:11', '2013-01-14 11:27:24');
INSERT INTO `media` (`id`, `media_type_id`, `user_id`, `filename`, `size`, `metadata`, `created_at`, `updated_at`) VALUES (3, 5, 73, 'minima', 926, '285143d2ac11e390cb55907d6eaa8bc94a53e6c376bc87b5f4c1b0c324545660', '2018-02-17 16:46:14', '2013-08-29 12:37:21');
INSERT INTO `media` (`id`, `media_type_id`, `user_id`, `filename`, `size`, `metadata`, `created_at`, `updated_at`) VALUES (4, 58, 64, 'minima', 1113, 'dbe3d4ac847e81b221f7f29a6ac1243d1767cdd8dedca0ba94ad2e2f2734f944', '2010-06-09 11:07:46', '2017-01-09 15:49:38');
INSERT INTO `media` (`id`, `media_type_id`, `user_id`, `filename`, `size`, `metadata`, `created_at`, `updated_at`) VALUES (5, 26, 49, 'reiciendis', 1959, '570ef2b675c413e865edd0716528f95f49bd2eea40b6c9abe50c0342bf1b5a9b', '2019-09-09 03:56:23', '2015-06-27 02:51:08');
INSERT INTO `media` (`id`, `media_type_id`, `user_id`, `filename`, `size`, `metadata`, `created_at`, `updated_at`) VALUES (6, 60, 39, 'laboriosam', 310, '98afe33587171e74b7be602645c293869ea7edafa83f1a7bbf3f6a5dcf89d9b4', '2019-09-07 22:02:28', '2014-02-21 19:51:41');
INSERT INTO `media` (`id`, `media_type_id`, `user_id`, `filename`, `size`, `metadata`, `created_at`, `updated_at`) VALUES (7, 32, 81, 'eveniet', 1452, 'f819e1a3244de2b287bd798fdca10c37c49df46bd9ec2783f5dab8e3646d256b', '2015-05-21 01:05:52', '2019-05-20 10:14:18');
INSERT INTO `media` (`id`, `media_type_id`, `user_id`, `filename`, `size`, `metadata`, `created_at`, `updated_at`) VALUES (8, 92, 34, 'nesciunt', 900, 'e6c3c0e3376e9fe1f1fb5107507cc4c407e65833d9167b4eb2b9473c8debd961', '2012-04-28 00:24:29', '2014-02-18 15:39:10');
INSERT INTO `media` (`id`, `media_type_id`, `user_id`, `filename`, `size`, `metadata`, `created_at`, `updated_at`) VALUES (9, 2, 39, 'maxime', 769, '339ed57f853429a5d9a1ee0489f50a4f7410c030fa582850697b13604a55fbfa', '2013-11-08 08:02:59', '2011-01-05 14:49:15');
INSERT INTO `media` (`id`, `media_type_id`, `user_id`, `filename`, `size`, `metadata`, `created_at`, `updated_at`) VALUES (10, 55, 9, 'rerum', 1457, 'df39def99b30d93981996b0865f8dbf7ffd40c2012d79ea2b38ab55eea4cfbeb', '2011-08-06 15:50:27', '2010-12-28 15:28:45');
INSERT INTO `media` (`id`, `media_type_id`, `user_id`, `filename`, `size`, `metadata`, `created_at`, `updated_at`) VALUES (11, 87, 25, 'debitis', 627, 'c0627126b2083c1a9ad8b3f328fe3fb0ee8ea791440ee577d7815a7354f9bc0b', '2014-05-06 13:47:46', '2011-10-17 21:44:38');
INSERT INTO `media` (`id`, `media_type_id`, `user_id`, `filename`, `size`, `metadata`, `created_at`, `updated_at`) VALUES (12, 18, 81, 'voluptatem', 280, 'b72ba8119750e2134d8354670f476bbbbfc096aeee63f05d94675dff1dc51c0d', '2011-03-15 23:23:21', '2018-02-26 13:42:57');
INSERT INTO `media` (`id`, `media_type_id`, `user_id`, `filename`, `size`, `metadata`, `created_at`, `updated_at`) VALUES (13, 79, 54, 'eum', 1370, '3c0cd2279a863dcb0d5f23ed21b0fd1b8f43801402794e46775a00ff8e14e3d4', '2016-11-05 06:40:35', '2013-05-29 22:20:52');
INSERT INTO `media` (`id`, `media_type_id`, `user_id`, `filename`, `size`, `metadata`, `created_at`, `updated_at`) VALUES (14, 50, 87, 'impedit', 894, '0535003cff6f1c2d2c6883ff248398eaef28042954cc6a3831a2904d0837c68a', '2019-10-14 02:55:08', '2018-01-28 02:29:03');
INSERT INTO `media` (`id`, `media_type_id`, `user_id`, `filename`, `size`, `metadata`, `created_at`, `updated_at`) VALUES (15, 23, 21, 'consequatur', 100, 'b6221378380b058be8244d93fbf9cd83b34c499dbc27b71eb99e6911e2e67f2f', '2012-04-21 21:26:18', '2011-01-05 05:52:27');
INSERT INTO `media` (`id`, `media_type_id`, `user_id`, `filename`, `size`, `metadata`, `created_at`, `updated_at`) VALUES (16, 29, 65, 'et', 377, 'a9de8459ff8b2cc7cffef933630645a95b4684ef38a03dc6a52b13997f516688', '2011-06-01 01:37:13', '2010-06-21 16:48:36');
INSERT INTO `media` (`id`, `media_type_id`, `user_id`, `filename`, `size`, `metadata`, `created_at`, `updated_at`) VALUES (17, 32, 58, 'at', 1459, '020aee9f737d853fe09139548f55361c6bc72204a88f9ff2a5b24120ae89a4ae', '2015-03-25 04:51:19', '2014-04-06 03:45:02');
INSERT INTO `media` (`id`, `media_type_id`, `user_id`, `filename`, `size`, `metadata`, `created_at`, `updated_at`) VALUES (18, 25, 43, 'unde', 1117, '487db1093cb78cf4aa5938edf67381d5593f16af44677f13701245acccabbcf6', '2015-04-06 15:50:30', '2018-04-03 03:24:05');
INSERT INTO `media` (`id`, `media_type_id`, `user_id`, `filename`, `size`, `metadata`, `created_at`, `updated_at`) VALUES (19, 4, 37, 'aut', 1824, '4058ef26a3ec61f0de5e519e0db5f7f4fd8de8ffc626a22ce71defd875d369ce', '2011-02-27 03:18:00', '2012-01-28 19:08:10');
INSERT INTO `media` (`id`, `media_type_id`, `user_id`, `filename`, `size`, `metadata`, `created_at`, `updated_at`) VALUES (20, 44, 36, 'dolores', 711, 'f2ec4f0d3a22aa3fe33151eead39113425bc1d9c97821f4cb16acab0d6007cef', '2015-10-12 02:13:43', '2016-05-20 22:38:18');
INSERT INTO `media` (`id`, `media_type_id`, `user_id`, `filename`, `size`, `metadata`, `created_at`, `updated_at`) VALUES (21, 92, 94, 'ullam', 1695, 'ca0e4684786f250c070a0b1444dcb462f14f312a7ba5e872d48eff6b0500094b', '2014-12-05 12:50:43', '2017-06-20 14:21:36');
INSERT INTO `media` (`id`, `media_type_id`, `user_id`, `filename`, `size`, `metadata`, `created_at`, `updated_at`) VALUES (22, 27, 82, 'rerum', 1240, 'd252c9113c5b577e7111817c4852501a4bfe584ea6c7c9656355d365fbc8ccaf', '2019-12-31 05:02:23', '2015-12-22 14:59:18');
INSERT INTO `media` (`id`, `media_type_id`, `user_id`, `filename`, `size`, `metadata`, `created_at`, `updated_at`) VALUES (23, 5, 13, 'et', 768, 'c081e9f51242197b08ec39938906bd1a70f114ed0a5a6f22a620190c0457ec58', '2014-11-20 12:34:38', '2018-07-05 13:40:09');
INSERT INTO `media` (`id`, `media_type_id`, `user_id`, `filename`, `size`, `metadata`, `created_at`, `updated_at`) VALUES (24, 7, 34, 'molestiae', 1052, '4d622a6cb20d9b888414c10eb2265eeb5d84f096b62834462d8113cce0de5ef9', '2015-12-07 17:03:45', '2014-01-07 20:13:19');
INSERT INTO `media` (`id`, `media_type_id`, `user_id`, `filename`, `size`, `metadata`, `created_at`, `updated_at`) VALUES (25, 58, 85, 'molestiae', 1786, '70646d46383cd1da50c174130897c94539c19e77c48aacbbf1305b8ffe1cc47c', '2015-08-22 22:25:54', '2016-04-21 16:13:36');
INSERT INTO `media` (`id`, `media_type_id`, `user_id`, `filename`, `size`, `metadata`, `created_at`, `updated_at`) VALUES (26, 58, 70, 'cum', 756, 'eaca81b8474eea7621577816760e1f7c657779cd523d76e07975267fc5e8a3a5', '2012-04-19 19:30:34', '2016-07-10 20:54:05');
INSERT INTO `media` (`id`, `media_type_id`, `user_id`, `filename`, `size`, `metadata`, `created_at`, `updated_at`) VALUES (27, 59, 29, 'consequatur', 1528, '397c1435c74e254d6e4ddda66f9d3352657bf383345b7e0ce3a3f2014b428ef8', '2016-03-10 23:11:23', '2014-05-27 16:19:11');
INSERT INTO `media` (`id`, `media_type_id`, `user_id`, `filename`, `size`, `metadata`, `created_at`, `updated_at`) VALUES (28, 80, 63, 'autem', 1968, 'fdc7244205967de56cccbcc0b210015c7206236f95929f5150c2b9bb7cd873b1', '2014-07-17 10:05:07', '2011-03-18 10:07:53');
INSERT INTO `media` (`id`, `media_type_id`, `user_id`, `filename`, `size`, `metadata`, `created_at`, `updated_at`) VALUES (29, 99, 81, 'repudiandae', 1042, '49c80c141ca4ffdf7c6a5a483cab372ea78206eb3489fcd4a724b2fbdbf40ff9', '2017-07-19 18:44:51', '2017-03-11 10:36:02');
INSERT INTO `media` (`id`, `media_type_id`, `user_id`, `filename`, `size`, `metadata`, `created_at`, `updated_at`) VALUES (30, 35, 25, 'tempora', 1366, '8187d152330c54b6cd4d9a88a7536c27323616accf27241b9e10067bb354e297', '2015-12-07 00:54:18', '2013-10-16 17:33:17');
INSERT INTO `media` (`id`, `media_type_id`, `user_id`, `filename`, `size`, `metadata`, `created_at`, `updated_at`) VALUES (31, 100, 100, 'in', 1341, '52e95aef6ca063cac4164df7a1e0278c4f55dc2ff8cf8cde7fbbf2c42bf0377c', '2018-04-04 18:05:20', '2014-03-04 17:33:23');
INSERT INTO `media` (`id`, `media_type_id`, `user_id`, `filename`, `size`, `metadata`, `created_at`, `updated_at`) VALUES (32, 100, 46, 'ratione', 1058, '77de9ccd09b4fbc3cfb4eedaa320ae19d86d1b7336d4021af996871ed42850f5', '2018-10-27 04:23:11', '2012-05-06 21:23:14');
INSERT INTO `media` (`id`, `media_type_id`, `user_id`, `filename`, `size`, `metadata`, `created_at`, `updated_at`) VALUES (33, 34, 81, 'sapiente', 1134, '0ce164381b197512d68d3687d150e63c85340d306460bd0c8db2f5826279c396', '2019-09-14 14:32:39', '2010-05-10 04:45:13');
INSERT INTO `media` (`id`, `media_type_id`, `user_id`, `filename`, `size`, `metadata`, `created_at`, `updated_at`) VALUES (34, 50, 72, 'nemo', 737, 'f010b90f1e4a546442e4784f7c1ec12b559b87f3cb613a3a9686a97cafd5bac9', '2013-08-20 17:57:57', '2018-07-08 21:04:46');
INSERT INTO `media` (`id`, `media_type_id`, `user_id`, `filename`, `size`, `metadata`, `created_at`, `updated_at`) VALUES (35, 33, 10, 'qui', 1025, 'd05a64a82589f5a1fd36fd777d6f30adc73c6bce3673b8043b92ebc24c2ec7d1', '2020-03-09 20:36:28', '2013-12-26 01:38:08');
INSERT INTO `media` (`id`, `media_type_id`, `user_id`, `filename`, `size`, `metadata`, `created_at`, `updated_at`) VALUES (36, 11, 29, 'quia', 984, '7b96b8d410e2d5e78b1fef54c51eced88d0bf66b7030cf41110b014afa50d54d', '2018-06-16 15:16:18', '2015-11-07 09:57:22');
INSERT INTO `media` (`id`, `media_type_id`, `user_id`, `filename`, `size`, `metadata`, `created_at`, `updated_at`) VALUES (37, 43, 11, 'corrupti', 65, '20aff4cb9d1c1b1d1ea8468b0b78a1c23365fc06273af164fbedc4294a054141', '2013-12-23 23:34:42', '2015-11-04 04:45:30');
INSERT INTO `media` (`id`, `media_type_id`, `user_id`, `filename`, `size`, `metadata`, `created_at`, `updated_at`) VALUES (38, 6, 91, 'quo', 1521, '06981077cada5fae1d4831f307cf57876b945a291151c461aad6ff0a755e63b9', '2010-10-06 03:23:44', '2011-12-27 15:25:10');
INSERT INTO `media` (`id`, `media_type_id`, `user_id`, `filename`, `size`, `metadata`, `created_at`, `updated_at`) VALUES (39, 76, 63, 'minima', 1107, '5ffc6fbc5ca6a4760f81dd6aa0478898fbedb5290616d1afb4bc84d19bde6271', '2011-06-02 00:09:38', '2016-02-05 13:51:41');
INSERT INTO `media` (`id`, `media_type_id`, `user_id`, `filename`, `size`, `metadata`, `created_at`, `updated_at`) VALUES (40, 7, 49, 'voluptatem', 1136, '8735613b60eeff3db467cb7a64abf7146081367f39e103f4068ed261f71a0cf9', '2013-05-25 02:15:06', '2010-10-02 20:27:53');
INSERT INTO `media` (`id`, `media_type_id`, `user_id`, `filename`, `size`, `metadata`, `created_at`, `updated_at`) VALUES (41, 78, 99, 'saepe', 1838, 'aea8ca2b8652183e55aa367e1138692ce7fd8800a47d05dd3e3df1c63e35f81b', '2018-01-21 00:39:57', '2018-09-29 04:05:04');
INSERT INTO `media` (`id`, `media_type_id`, `user_id`, `filename`, `size`, `metadata`, `created_at`, `updated_at`) VALUES (42, 31, 87, 'id', 1246, '981fad7f70cdf416196af9f29b325a2e0732d71487589f28ddd5b6edc5eafbf1', '2018-10-04 18:31:03', '2015-05-02 20:34:29');
INSERT INTO `media` (`id`, `media_type_id`, `user_id`, `filename`, `size`, `metadata`, `created_at`, `updated_at`) VALUES (43, 68, 30, 'dolores', 345, 'd29e22fcd325dd9a56eda38f9fbd1d53eb2189a84a0d562b161d8a2f7a7bedc0', '2018-05-15 07:53:10', '2012-03-18 09:14:35');
INSERT INTO `media` (`id`, `media_type_id`, `user_id`, `filename`, `size`, `metadata`, `created_at`, `updated_at`) VALUES (44, 7, 52, 'est', 680, 'e678c20620c4fd3927bab18e315e8209f51b4602dca0451ea3515deaece14077', '2013-09-20 02:43:32', '2016-11-10 05:40:08');
INSERT INTO `media` (`id`, `media_type_id`, `user_id`, `filename`, `size`, `metadata`, `created_at`, `updated_at`) VALUES (45, 88, 73, 'in', 282, '7c624b0fdf01c9d3c2df805bfa68190bb09e891a00119b67cd3cbc76de27747e', '2011-12-24 12:30:54', '2014-07-06 12:00:10');
INSERT INTO `media` (`id`, `media_type_id`, `user_id`, `filename`, `size`, `metadata`, `created_at`, `updated_at`) VALUES (46, 71, 51, 'voluptatem', 129, 'a1e3e2b64b15a54950e4765b7d7229eb6b44018573fd3e28239cac0f6e7a31e8', '2012-12-06 08:36:23', '2017-07-21 22:22:15');
INSERT INTO `media` (`id`, `media_type_id`, `user_id`, `filename`, `size`, `metadata`, `created_at`, `updated_at`) VALUES (47, 58, 17, 'excepturi', 1118, 'eb40754938a03c7cb375d3d30810b386a36d65eca99ebb5dc6f6a0a9436b641e', '2015-11-20 20:28:13', '2019-06-02 04:57:31');
INSERT INTO `media` (`id`, `media_type_id`, `user_id`, `filename`, `size`, `metadata`, `created_at`, `updated_at`) VALUES (48, 96, 31, 'et', 881, 'd0506cbe60d2cff51f90077fbbef3c72c78e95bc1cda24c2075636bdbcf90dc1', '2010-09-30 12:43:50', '2013-03-04 06:07:52');
INSERT INTO `media` (`id`, `media_type_id`, `user_id`, `filename`, `size`, `metadata`, `created_at`, `updated_at`) VALUES (49, 30, 93, 'nulla', 1613, '5c9eb57d5b081bffd2ac56def2a28cb6619725439b680c9a8bf17034a67949e0', '2011-01-26 04:50:32', '2015-12-05 02:24:18');
INSERT INTO `media` (`id`, `media_type_id`, `user_id`, `filename`, `size`, `metadata`, `created_at`, `updated_at`) VALUES (50, 46, 53, 'vel', 1116, 'c8d8ffaf2d28fbb6d33f6d9f4f5f54924d0731f4ab05b62319943667ef49a789', '2014-08-06 06:37:29', '2011-10-16 07:14:32');
INSERT INTO `media` (`id`, `media_type_id`, `user_id`, `filename`, `size`, `metadata`, `created_at`, `updated_at`) VALUES (51, 11, 67, 'consequatur', 1299, '280d686849cb56271f84da7bdb716d2660b1472a5dc29f054517598f2446f173', '2016-12-04 07:59:10', '2014-09-04 04:10:55');
INSERT INTO `media` (`id`, `media_type_id`, `user_id`, `filename`, `size`, `metadata`, `created_at`, `updated_at`) VALUES (52, 68, 87, 'dolores', 762, '811a65ed3345b812e2b2ee6f62d8a360aa4f7023a6e9c43c7952e885b82313f5', '2016-09-21 17:07:03', '2010-09-26 04:54:23');
INSERT INTO `media` (`id`, `media_type_id`, `user_id`, `filename`, `size`, `metadata`, `created_at`, `updated_at`) VALUES (53, 24, 35, 'eaque', 417, 'b05ee6d4f1fda1455c4ab926455e8fd38ee5b712ff7c0f6209f974544f6feb97', '2017-05-29 12:28:18', '2015-05-17 19:14:05');
INSERT INTO `media` (`id`, `media_type_id`, `user_id`, `filename`, `size`, `metadata`, `created_at`, `updated_at`) VALUES (54, 29, 80, 'et', 1711, 'fac96f0ad1a4da290eda673305b94fa9bc5bed5927a4be2144a896d072bdf4b8', '2011-04-08 03:21:05', '2012-07-31 19:17:33');
INSERT INTO `media` (`id`, `media_type_id`, `user_id`, `filename`, `size`, `metadata`, `created_at`, `updated_at`) VALUES (55, 40, 21, 'laborum', 448, '1d356b765979085a276d9bd283a91843e1858f723b227b59ca761068cb0030f7', '2011-02-25 04:13:55', '2017-05-07 09:27:46');
INSERT INTO `media` (`id`, `media_type_id`, `user_id`, `filename`, `size`, `metadata`, `created_at`, `updated_at`) VALUES (56, 62, 19, 'saepe', 1274, '16eac23c6dc5b1a3130c3acb0c8196469b6285c124eac01be788abe96b65de71', '2018-10-18 03:53:57', '2018-06-06 00:09:26');
INSERT INTO `media` (`id`, `media_type_id`, `user_id`, `filename`, `size`, `metadata`, `created_at`, `updated_at`) VALUES (57, 21, 49, 'dicta', 658, '5f0e9e7f44231d81da0d2a54c7617e3857ea6ff1218a9429ea0c58d4d89348c7', '2019-12-02 15:04:18', '2012-02-07 06:11:12');
INSERT INTO `media` (`id`, `media_type_id`, `user_id`, `filename`, `size`, `metadata`, `created_at`, `updated_at`) VALUES (58, 83, 50, 'soluta', 665, 'ebf771ba4afb0ab66a4e37d2e622100f24022364d36b4b348c3b1094a1c5d79d', '2012-09-10 16:33:24', '2017-12-18 18:57:23');
INSERT INTO `media` (`id`, `media_type_id`, `user_id`, `filename`, `size`, `metadata`, `created_at`, `updated_at`) VALUES (59, 94, 81, 'assumenda', 1315, '9939abdf2976331c23bc2a540db91c51abab12c710f7d68d3fe6e88339c6c8de', '2016-06-11 01:35:18', '2013-04-07 15:21:56');
INSERT INTO `media` (`id`, `media_type_id`, `user_id`, `filename`, `size`, `metadata`, `created_at`, `updated_at`) VALUES (60, 66, 29, 'quia', 985, '75f65f1f2f96884347a39245ad148ca2f729a2f51530ea787c37044a1312c6c1', '2010-09-16 05:33:16', '2016-08-20 09:10:23');
INSERT INTO `media` (`id`, `media_type_id`, `user_id`, `filename`, `size`, `metadata`, `created_at`, `updated_at`) VALUES (61, 6, 74, 'maxime', 800, '3031a6d7e82f7788393169b193fd4b1df996762e97c2dbff5c1215b57dbd431d', '2012-10-01 08:12:23', '2015-05-30 14:26:18');
INSERT INTO `media` (`id`, `media_type_id`, `user_id`, `filename`, `size`, `metadata`, `created_at`, `updated_at`) VALUES (62, 57, 81, 'qui', 1019, '1e2a43a3ad6cc9e76a7d8f13c1cad375983196a7536146120895d5ecd1c180fb', '2013-07-14 06:49:15', '2014-07-23 17:24:51');
INSERT INTO `media` (`id`, `media_type_id`, `user_id`, `filename`, `size`, `metadata`, `created_at`, `updated_at`) VALUES (63, 78, 75, 'tenetur', 95, '814d27511ac6d348241cfd4cdd0c5266510f1ab29ac36d2febaf3fb2fd8232ce', '2016-03-17 07:49:01', '2012-03-29 15:30:08');
INSERT INTO `media` (`id`, `media_type_id`, `user_id`, `filename`, `size`, `metadata`, `created_at`, `updated_at`) VALUES (64, 95, 54, 'et', 856, 'cde7a86b6c612e58ace2f6fa03db9db1e03f56cd11763558ed60c2489e553b1d', '2013-01-14 19:55:23', '2016-12-25 12:13:40');
INSERT INTO `media` (`id`, `media_type_id`, `user_id`, `filename`, `size`, `metadata`, `created_at`, `updated_at`) VALUES (65, 16, 53, 'cumque', 1790, '914f20b4e988e97baf463d3265f30740af8c21bb41226a71f06e74e9579737c1', '2015-11-09 19:21:46', '2016-09-01 00:23:05');
INSERT INTO `media` (`id`, `media_type_id`, `user_id`, `filename`, `size`, `metadata`, `created_at`, `updated_at`) VALUES (66, 62, 84, 'deserunt', 1683, 'c39932efd9f37361db35ab410b7ef93263969e4cbc81dde9db957242e1364cb9', '2017-06-02 00:08:02', '2013-02-05 01:03:33');
INSERT INTO `media` (`id`, `media_type_id`, `user_id`, `filename`, `size`, `metadata`, `created_at`, `updated_at`) VALUES (67, 97, 83, 'magnam', 878, '2fe4abf98fbe6934de42feee8559f69698532d88140444e7aa60d3dbb894c1a0', '2019-09-08 00:06:21', '2018-07-11 00:17:03');
INSERT INTO `media` (`id`, `media_type_id`, `user_id`, `filename`, `size`, `metadata`, `created_at`, `updated_at`) VALUES (68, 8, 63, 'dolorum', 421, 'b4ec57625fd694de8c20c17461ec6cbc5d20435c79a516d97eb05de2af848f02', '2016-01-24 17:29:02', '2013-02-28 19:15:27');
INSERT INTO `media` (`id`, `media_type_id`, `user_id`, `filename`, `size`, `metadata`, `created_at`, `updated_at`) VALUES (69, 56, 75, 'repellendus', 956, 'd4116aa50689ff7ba11a06e76cebf0fe7eae6079928d3bf55bda8d9d9e2a7f48', '2014-08-14 20:01:50', '2015-02-16 14:06:03');
INSERT INTO `media` (`id`, `media_type_id`, `user_id`, `filename`, `size`, `metadata`, `created_at`, `updated_at`) VALUES (70, 16, 45, 'qui', 459, '76d49295ad264a40b29a569a901551a9f8c7c4ffada8b2fe0377249248e4bf37', '2016-01-27 19:35:45', '2012-01-26 19:21:43');
INSERT INTO `media` (`id`, `media_type_id`, `user_id`, `filename`, `size`, `metadata`, `created_at`, `updated_at`) VALUES (71, 81, 12, 'repellat', 1177, '04e965651e7c45c345ba297e35ffb9e5b07f83df181962c0331aaf8376da8945', '2017-11-04 13:39:19', '2012-02-26 15:34:25');
INSERT INTO `media` (`id`, `media_type_id`, `user_id`, `filename`, `size`, `metadata`, `created_at`, `updated_at`) VALUES (72, 48, 73, 'illum', 652, 'adf577ed97a59c6caedb19b3882f0c2e9b59801684440a4a3dba907baeea521d', '2014-07-28 23:02:40', '2018-08-13 15:23:46');
INSERT INTO `media` (`id`, `media_type_id`, `user_id`, `filename`, `size`, `metadata`, `created_at`, `updated_at`) VALUES (73, 48, 32, 'cupiditate', 1143, 'b13eda49899cdf01dfe4e710998013428084872c055f534dbf799fdb42d0fe9d', '2011-07-14 05:45:06', '2011-04-29 05:44:26');
INSERT INTO `media` (`id`, `media_type_id`, `user_id`, `filename`, `size`, `metadata`, `created_at`, `updated_at`) VALUES (74, 13, 41, 'et', 1657, '9a0b1803e72d44e1a55c3ed7d64e21fbb9cc5b93957ef23aaefb2c0328f50dbd', '2015-09-29 03:45:46', '2015-08-12 04:11:41');
INSERT INTO `media` (`id`, `media_type_id`, `user_id`, `filename`, `size`, `metadata`, `created_at`, `updated_at`) VALUES (75, 61, 24, 'laboriosam', 1923, '95eb192419a0fada08cd1d5d87a476634143a525129c55ae39c4aefb1705f2da', '2013-03-22 05:20:53', '2010-12-28 22:05:31');
INSERT INTO `media` (`id`, `media_type_id`, `user_id`, `filename`, `size`, `metadata`, `created_at`, `updated_at`) VALUES (76, 78, 5, 'commodi', 1243, '4aac21702b411c1cd5fa40892be77e100c73f362e41b9a03847844be2c958961', '2017-01-06 12:49:21', '2012-01-20 10:09:05');
INSERT INTO `media` (`id`, `media_type_id`, `user_id`, `filename`, `size`, `metadata`, `created_at`, `updated_at`) VALUES (77, 2, 91, 'non', 327, 'eded7da069a44123276803db1f33008944f5f5a43c548394d8ed6e6f969589ed', '2016-05-19 20:52:15', '2010-10-10 05:45:14');
INSERT INTO `media` (`id`, `media_type_id`, `user_id`, `filename`, `size`, `metadata`, `created_at`, `updated_at`) VALUES (78, 63, 40, 'laudantium', 341, 'efbb41ba1faac02a10fa069e1cace835642a6274091d3b68f8b2fee2279fb470', '2014-11-20 15:43:35', '2017-06-06 23:51:37');
INSERT INTO `media` (`id`, `media_type_id`, `user_id`, `filename`, `size`, `metadata`, `created_at`, `updated_at`) VALUES (79, 15, 35, 'est', 1956, 'e5c3c21cfd5cbd36a6797d5a90f7be57fa08a83ea2d40c76bd68b9ca62616344', '2011-03-06 03:49:31', '2017-05-29 15:25:32');
INSERT INTO `media` (`id`, `media_type_id`, `user_id`, `filename`, `size`, `metadata`, `created_at`, `updated_at`) VALUES (80, 43, 84, 'autem', 564, '55a08d1e2563717091794e02011f98d6ab4851ddfb3d75ee853a60ceca916d5b', '2020-03-29 07:33:00', '2011-05-28 03:50:06');
INSERT INTO `media` (`id`, `media_type_id`, `user_id`, `filename`, `size`, `metadata`, `created_at`, `updated_at`) VALUES (81, 99, 93, 'et', 1705, '073340b3c75f96bda8657884d225af5feea0ec91c9e4c8aa3d448bc34b35b750', '2012-02-16 11:01:31', '2013-04-18 06:16:38');
INSERT INTO `media` (`id`, `media_type_id`, `user_id`, `filename`, `size`, `metadata`, `created_at`, `updated_at`) VALUES (82, 19, 2, 'reprehenderit', 336, '0e3db3be30e44f21bf1587ffd4f03015bfaf81aa3f78f8c0b1a24fe9143568a0', '2013-06-13 00:56:55', '2014-09-29 09:31:18');
INSERT INTO `media` (`id`, `media_type_id`, `user_id`, `filename`, `size`, `metadata`, `created_at`, `updated_at`) VALUES (83, 66, 70, 'consequatur', 1254, '71460d86dc7e94b9ba9df6f0d1a987db961cc06885f8bc0619a2b12cec2b4bc3', '2018-01-15 16:22:17', '2015-04-24 09:55:50');
INSERT INTO `media` (`id`, `media_type_id`, `user_id`, `filename`, `size`, `metadata`, `created_at`, `updated_at`) VALUES (84, 1, 28, 'quasi', 1120, '80b736d6853082f4f3d5def2e584f7ae833639288aef7f66f1e42f4d75730845', '2018-09-22 19:18:06', '2018-04-21 13:29:38');
INSERT INTO `media` (`id`, `media_type_id`, `user_id`, `filename`, `size`, `metadata`, `created_at`, `updated_at`) VALUES (85, 17, 81, 'ad', 871, 'c98020413ed29ebf2cdd61fdf68d3267e1c0e47c0fa7f514bcb3cd170f4cd876', '2011-12-14 18:36:35', '2015-01-28 14:50:11');
INSERT INTO `media` (`id`, `media_type_id`, `user_id`, `filename`, `size`, `metadata`, `created_at`, `updated_at`) VALUES (86, 87, 90, 'consequatur', 1020, '14d89d8d8db1a9821fd71af024e63429b116651bcdecb092eb4178c332a6730a', '2014-06-07 10:57:35', '2018-03-28 00:59:11');
INSERT INTO `media` (`id`, `media_type_id`, `user_id`, `filename`, `size`, `metadata`, `created_at`, `updated_at`) VALUES (87, 15, 46, 'voluptas', 1865, '58224f9af3bacff82e1f0eef5949a72f17edbeeef58009ec7e7d4a9e754e7f98', '2019-03-21 07:30:53', '2016-06-20 16:48:14');
INSERT INTO `media` (`id`, `media_type_id`, `user_id`, `filename`, `size`, `metadata`, `created_at`, `updated_at`) VALUES (88, 15, 30, 'ullam', 319, '9b60f3f81ad24454f7f05462b8c943f43e29ad2b0dfcf28ab4e005fd93a7be40', '2016-10-25 15:50:56', '2013-01-09 14:46:26');
INSERT INTO `media` (`id`, `media_type_id`, `user_id`, `filename`, `size`, `metadata`, `created_at`, `updated_at`) VALUES (89, 24, 40, 'aut', 125, '77cd6c5cf5b33b00a7c670f333b0c80400707372b4615cb435f01a03d1c5ee1d', '2016-12-11 03:20:28', '2018-06-19 13:24:51');
INSERT INTO `media` (`id`, `media_type_id`, `user_id`, `filename`, `size`, `metadata`, `created_at`, `updated_at`) VALUES (90, 21, 27, 'enim', 99, '58600bc422bf6fa1d40fecd32e7f1276ce88ccd6ab53f05ad2d516066524205e', '2010-09-12 23:12:53', '2020-03-07 20:05:23');
INSERT INTO `media` (`id`, `media_type_id`, `user_id`, `filename`, `size`, `metadata`, `created_at`, `updated_at`) VALUES (91, 65, 59, 'ut', 1225, 'f8a4a57efa9aa6a2405551eab990a583237c4bbf2c49eaaa6edf08ffc534cdfc', '2019-11-18 01:29:02', '2019-10-08 00:27:14');
INSERT INTO `media` (`id`, `media_type_id`, `user_id`, `filename`, `size`, `metadata`, `created_at`, `updated_at`) VALUES (92, 51, 13, 'accusamus', 724, '61d6284b3f6bdbe025b91dae14f8f2fdbebf47fadf333d836771cbd6059dc06b', '2012-07-27 15:56:42', '2020-01-04 07:21:39');
INSERT INTO `media` (`id`, `media_type_id`, `user_id`, `filename`, `size`, `metadata`, `created_at`, `updated_at`) VALUES (93, 88, 7, 'quidem', 451, '636b5da8665147df94b90f47983457d0f9389709dd1e3474f947e8c170d00751', '2011-11-08 06:56:28', '2016-09-04 14:58:00');
INSERT INTO `media` (`id`, `media_type_id`, `user_id`, `filename`, `size`, `metadata`, `created_at`, `updated_at`) VALUES (94, 24, 33, 'perspiciatis', 1933, '0b2a26dd3c1ab17922266a5162c293e2184d9133fe71a3be3904e7701748929f', '2013-02-23 23:27:26', '2018-03-05 16:41:47');
INSERT INTO `media` (`id`, `media_type_id`, `user_id`, `filename`, `size`, `metadata`, `created_at`, `updated_at`) VALUES (95, 60, 67, 'et', 1042, '2fcfd050eec37bac687f808d679a12eed80e18f039e22fb87c69f95b4ad83b74', '2012-04-15 01:31:03', '2011-11-08 11:46:06');
INSERT INTO `media` (`id`, `media_type_id`, `user_id`, `filename`, `size`, `metadata`, `created_at`, `updated_at`) VALUES (96, 38, 59, 'ex', 1966, 'afa52f525bbbde60d4bc9398937cd1354276c0c6591aeb6239d1af76a9025b69', '2010-06-28 13:15:15', '2018-04-01 23:19:48');
INSERT INTO `media` (`id`, `media_type_id`, `user_id`, `filename`, `size`, `metadata`, `created_at`, `updated_at`) VALUES (97, 96, 17, 'sit', 962, '360fa5ea98e0c697cd72f2757ed69fedf134f2786169e399383922de52932e3b', '2017-08-27 07:09:22', '2018-06-14 18:36:57');
INSERT INTO `media` (`id`, `media_type_id`, `user_id`, `filename`, `size`, `metadata`, `created_at`, `updated_at`) VALUES (98, 63, 49, 'eum', 1339, 'd48ed4cd1689659f1f4430488613d99a41e28b6d284b3fe950d6526a1e12b3e2', '2018-07-04 20:53:39', '2016-07-20 12:37:14');
INSERT INTO `media` (`id`, `media_type_id`, `user_id`, `filename`, `size`, `metadata`, `created_at`, `updated_at`) VALUES (99, 44, 22, 'consequatur', 1585, '6fec85b578fd30ff7b9e07cd32176df5364cea4ee7742fe91a8b4178abc47ba6', '2014-04-23 16:14:09', '2016-03-10 07:01:57');
INSERT INTO `media` (`id`, `media_type_id`, `user_id`, `filename`, `size`, `metadata`, `created_at`, `updated_at`) VALUES (100, 84, 91, 'rerum', 1579, '8dd30dd0c357a8a071a9e734a6d38f5726e342a5ccafc72a2af15ab6e8679ec3', '2020-03-25 14:13:06', '2017-02-28 11:40:02');


#
# TABLE STRUCTURE FOR: media_types
#

DROP TABLE IF EXISTS `media_types`;

CREATE TABLE `media_types` (
  `id` int(10) unsigned NOT NULL AUTO_INCREMENT,
  `name` varchar(255) COLLATE utf8_unicode_ci NOT NULL,
  PRIMARY KEY (`id`),
  UNIQUE KEY `name` (`name`)
) ENGINE=InnoDB AUTO_INCREMENT=201 DEFAULT CHARSET=utf8 COLLATE=utf8_unicode_ci;

INSERT INTO `media_types` (`id`, `name`) VALUES (107, 'audio');
INSERT INTO `media_types` (`id`, `name`) VALUES (101, 'photo');
INSERT INTO `media_types` (`id`, `name`) VALUES (103, 'video');


#
# TABLE STRUCTURE FOR: messages
#

DROP TABLE IF EXISTS `messages`;

CREATE TABLE `messages` (
  `id` int(10) unsigned NOT NULL AUTO_INCREMENT,
  `from_user_id` int(10) unsigned NOT NULL,
  `to_user_id` int(10) unsigned NOT NULL,
  `community_id` int(10) unsigned NOT NULL,
  `body` text COLLATE utf8_unicode_ci NOT NULL,
  `is_important` tinyint(1) DEFAULT NULL,
  `is_delivered` tinyint(1) DEFAULT NULL,
  `created_at` datetime DEFAULT current_timestamp(),
  PRIMARY KEY (`id`)
) ENGINE=InnoDB AUTO_INCREMENT=101 DEFAULT CHARSET=utf8 COLLATE=utf8_unicode_ci;

INSERT INTO `messages` (`id`, `from_user_id`, `to_user_id`, `community_id`, `body`, `is_important`, `is_delivered`, `created_at`) VALUES (1, 50, 34, 83, 'Beautiful, beautiful Soup! Beau--ootiful Soo--oop! Soo--oop of the singers in the other: the only difficulty was, that you weren\'t to talk about her repeating \'YOU ARE OLD, FATHER WILLIAM,\' to the.', 1, 1, '2015-05-04 16:19:10');
INSERT INTO `messages` (`id`, `from_user_id`, `to_user_id`, `community_id`, `body`, `is_important`, `is_delivered`, `created_at`) VALUES (2, 7, 98, 78, 'I\'ll have you executed, whether you\'re nervous or not.\' \'I\'m a poor man,\' the Hatter said, tossing his head mournfully. \'Not I!\' said the Queen said to herself. \'Of the mushroom,\' said the Gryphon.', 1, 0, '2019-09-15 03:37:34');
INSERT INTO `messages` (`id`, `from_user_id`, `to_user_id`, `community_id`, `body`, `is_important`, `is_delivered`, `created_at`) VALUES (3, 45, 82, 24, 'Alice, who felt ready to sink into the air. Even the Duchess said to Alice, and her eyes anxiously fixed on it, for she had been all the rest of it had gone. \'Well! I\'ve often seen a cat without a.', 1, 1, '2016-02-25 22:08:28');
INSERT INTO `messages` (`id`, `from_user_id`, `to_user_id`, `community_id`, `body`, `is_important`, `is_delivered`, `created_at`) VALUES (4, 7, 74, 35, 'Hatter instead!\' CHAPTER VII. A Mad Tea-Party There was nothing on it except a tiny little thing!\' said the youth, \'and your jaws are too weak For anything tougher than suet; Yet you finished the.', 0, 1, '2011-08-31 18:37:42');
INSERT INTO `messages` (`id`, `from_user_id`, `to_user_id`, `community_id`, `body`, `is_important`, `is_delivered`, `created_at`) VALUES (5, 11, 40, 22, 'What made you so awfully clever?\' \'I have answered three questions, and that in the long hall, and close to the Dormouse, not choosing to notice this last remark, \'it\'s a vegetable. It doesn\'t look.', 0, 0, '2016-01-16 17:37:46');
INSERT INTO `messages` (`id`, `from_user_id`, `to_user_id`, `community_id`, `body`, `is_important`, `is_delivered`, `created_at`) VALUES (6, 54, 93, 97, 'Turtle.\' These words were followed by a row of lamps hanging from the shock of being such a fall as this, I shall only look up and bawled out, \"He\'s murdering the time! Off with his head!\"\' \'How.', 0, 0, '2012-05-06 11:50:27');
INSERT INTO `messages` (`id`, `from_user_id`, `to_user_id`, `community_id`, `body`, `is_important`, `is_delivered`, `created_at`) VALUES (7, 98, 82, 45, 'Alice thought decidedly uncivil. \'But perhaps it was talking in a sort of lullaby to it as far as they used to it as far as they came nearer, Alice could hear the Rabbit noticed Alice, as she swam.', 0, 1, '2012-09-13 22:07:14');
INSERT INTO `messages` (`id`, `from_user_id`, `to_user_id`, `community_id`, `body`, `is_important`, `is_delivered`, `created_at`) VALUES (8, 100, 94, 44, 'I\'m certain! I must have been a holiday?\' \'Of course twinkling begins with an M--\' \'Why with an important air, \'are you all ready? This is the same size: to be true): If she should push the matter.', 0, 1, '2013-12-24 17:08:17');
INSERT INTO `messages` (`id`, `from_user_id`, `to_user_id`, `community_id`, `body`, `is_important`, `is_delivered`, `created_at`) VALUES (9, 87, 14, 79, 'Hatter, \'or you\'ll be telling me next that you had been for some way of escape, and wondering whether she could see, when she was shrinking rapidly; so she began thinking over other children she.', 1, 1, '2017-05-31 13:40:22');
INSERT INTO `messages` (`id`, `from_user_id`, `to_user_id`, `community_id`, `body`, `is_important`, `is_delivered`, `created_at`) VALUES (10, 50, 94, 15, 'Mock Turtle sang this, very slowly and sadly:-- \'\"Will you walk a little before she found herself in Wonderland, though she felt a very difficult question. However, at last turned sulky, and would.', 0, 1, '2019-02-09 14:42:04');
INSERT INTO `messages` (`id`, `from_user_id`, `to_user_id`, `community_id`, `body`, `is_important`, `is_delivered`, `created_at`) VALUES (11, 45, 65, 21, 'She had already heard her voice close to the confused clamour of the evening, beautiful Soup! \'Beautiful Soup! Who cares for fish, Game, or any other dish? Who would not open any of them. \'I\'m sure.', 0, 0, '2017-02-24 22:22:29');
INSERT INTO `messages` (`id`, `from_user_id`, `to_user_id`, `community_id`, `body`, `is_important`, `is_delivered`, `created_at`) VALUES (12, 87, 26, 25, 'It means much the most interesting, and perhaps after all it might belong to one of the tail, and ending with the tea,\' the March Hare. \'Then it ought to have him with them,\' the Mock Turtle in the.', 0, 1, '2010-05-05 16:02:05');
INSERT INTO `messages` (`id`, `from_user_id`, `to_user_id`, `community_id`, `body`, `is_important`, `is_delivered`, `created_at`) VALUES (13, 87, 10, 28, 'Gryphon. \'It all came different!\' Alice replied in an encouraging tone. Alice looked all round the table, but it makes me grow large again, for this curious child was very like a serpent. She had.', 1, 1, '2011-06-14 03:40:26');
INSERT INTO `messages` (`id`, `from_user_id`, `to_user_id`, `community_id`, `body`, `is_important`, `is_delivered`, `created_at`) VALUES (14, 98, 96, 63, 'She took down a good deal on where you want to get hold of its mouth and yawned once or twice she had got so close to her to speak with. Alice waited till she got to the jury, in a trembling voice.', 1, 1, '2019-05-11 13:39:31');
INSERT INTO `messages` (`id`, `from_user_id`, `to_user_id`, `community_id`, `body`, `is_important`, `is_delivered`, `created_at`) VALUES (15, 33, 57, 91, 'Alice, that she was quite silent for a baby: altogether Alice did not notice this question, but hurriedly went on, \'\"--found it advisable to go down the chimney!\' \'Oh! So Bill\'s got the other--Bill!.', 1, 1, '2010-12-15 21:07:52');
INSERT INTO `messages` (`id`, `from_user_id`, `to_user_id`, `community_id`, `body`, `is_important`, `is_delivered`, `created_at`) VALUES (16, 23, 82, 90, 'I should frighten them out with his head!\' or \'Off with their fur clinging close to her: its face to see if she were looking up into the garden, and I could not stand, and she looked down at her own.', 1, 1, '2019-12-19 04:46:49');
INSERT INTO `messages` (`id`, `from_user_id`, `to_user_id`, `community_id`, `body`, `is_important`, `is_delivered`, `created_at`) VALUES (17, 91, 30, 43, 'An obstacle that came between Him, and ourselves, and it. Don\'t let him know she liked them best, For this must be the right thing to eat or drink something or other; but the great hall, with the.', 1, 0, '2018-01-26 13:37:52');
INSERT INTO `messages` (`id`, `from_user_id`, `to_user_id`, `community_id`, `body`, `is_important`, `is_delivered`, `created_at`) VALUES (18, 80, 36, 69, 'Alice, very much confused, \'I don\'t believe you do either!\' And the muscular strength, which it gave to my right size: the next moment she felt a little feeble, squeaking voice, (\'That\'s Bill,\'.', 1, 0, '2011-08-16 13:57:46');
INSERT INTO `messages` (`id`, `from_user_id`, `to_user_id`, `community_id`, `body`, `is_important`, `is_delivered`, `created_at`) VALUES (19, 12, 86, 77, 'Alice to herself. Imagine her surprise, when the tide rises and sharks are around, His voice has a timid voice at her for a minute or two the Caterpillar seemed to be a lesson to you never even.', 0, 1, '2011-02-12 05:20:20');
INSERT INTO `messages` (`id`, `from_user_id`, `to_user_id`, `community_id`, `body`, `is_important`, `is_delivered`, `created_at`) VALUES (20, 10, 22, 59, 'Queen, who were all shaped like the tone of great relief. \'Now at OURS they had to double themselves up and to wonder what Latitude was, or Longitude either, but thought they were filled with.', 0, 1, '2015-12-21 23:02:46');
INSERT INTO `messages` (`id`, `from_user_id`, `to_user_id`, `community_id`, `body`, `is_important`, `is_delivered`, `created_at`) VALUES (21, 25, 63, 36, 'White Rabbit cried out, \'Silence in the back. At last the Gryphon at the Hatter, and he went on, looking anxiously about her. \'Oh, do let me hear the very tones of her ever getting out of a book,\'.', 1, 0, '2019-12-31 03:37:57');
INSERT INTO `messages` (`id`, `from_user_id`, `to_user_id`, `community_id`, `body`, `is_important`, `is_delivered`, `created_at`) VALUES (22, 14, 23, 62, 'Canary called out as loud as she did not get hold of its mouth, and addressed her in such long ringlets, and mine doesn\'t go in ringlets at all; and I\'m sure she\'s the best plan.\' It sounded an.', 0, 1, '2011-02-14 15:15:29');
INSERT INTO `messages` (`id`, `from_user_id`, `to_user_id`, `community_id`, `body`, `is_important`, `is_delivered`, `created_at`) VALUES (23, 45, 14, 23, 'Duchess, it had grown so large a house, that she was as steady as ever; Yet you balanced an eel on the spot.\' This did not look at the Queen, pointing to the heads of the trees had a wink of sleep.', 1, 0, '2013-12-19 00:09:11');
INSERT INTO `messages` (`id`, `from_user_id`, `to_user_id`, `community_id`, `body`, `is_important`, `is_delivered`, `created_at`) VALUES (24, 16, 32, 92, 'White Rabbit, with a shiver. \'I beg your pardon!\' she exclaimed in a solemn tone, only changing the order of the Gryphon, and the sound of many footsteps, and Alice could see, when she went on.', 0, 1, '2011-12-14 21:52:56');
INSERT INTO `messages` (`id`, `from_user_id`, `to_user_id`, `community_id`, `body`, `is_important`, `is_delivered`, `created_at`) VALUES (25, 28, 66, 35, 'MINE,\' said the King, rubbing his hands; \'so now let the Dormouse said--\' the Hatter asked triumphantly. Alice did not at all fairly,\' Alice began, in a hurry to get in?\' asked Alice again, in a.', 0, 1, '2013-06-10 05:28:02');
INSERT INTO `messages` (`id`, `from_user_id`, `to_user_id`, `community_id`, `body`, `is_important`, `is_delivered`, `created_at`) VALUES (26, 26, 72, 10, 'TWO little shrieks, and more faintly came, carried on the other bit. Her chin was pressed so closely against her foot, that there ought! And when I breathe\"!\' \'It IS the use of a good deal.', 1, 0, '2017-08-18 01:15:36');
INSERT INTO `messages` (`id`, `from_user_id`, `to_user_id`, `community_id`, `body`, `is_important`, `is_delivered`, `created_at`) VALUES (27, 31, 13, 67, 'But, now that I\'m doubtful about the whiting!\' \'Oh, as to go among mad people,\' Alice remarked. \'Oh, you foolish Alice!\' she answered herself. \'How can you learn lessons in here? Why, there\'s hardly.', 0, 1, '2019-02-23 13:16:35');
INSERT INTO `messages` (`id`, `from_user_id`, `to_user_id`, `community_id`, `body`, `is_important`, `is_delivered`, `created_at`) VALUES (28, 98, 18, 21, 'And she\'s such a capital one for catching mice you can\'t be civil, you\'d better leave off,\' said the Gryphon. \'Of course,\' the Dodo replied very politely, \'for I never was so full of tears, until.', 0, 1, '2011-01-01 15:06:57');
INSERT INTO `messages` (`id`, `from_user_id`, `to_user_id`, `community_id`, `body`, `is_important`, `is_delivered`, `created_at`) VALUES (29, 22, 95, 74, 'Alice asked in a low voice, to the baby, and not to be a lesson to you how the Dodo had paused as if he were trying which word sounded best. Some of the treat. When the sands are all pardoned.\'.', 1, 1, '2017-01-06 22:45:10');
INSERT INTO `messages` (`id`, `from_user_id`, `to_user_id`, `community_id`, `body`, `is_important`, `is_delivered`, `created_at`) VALUES (30, 13, 54, 81, 'The Mouse did not appear, and after a pause: \'the reason is, that there\'s any one of them with one finger; and the procession came opposite to Alice, they all quarrel so dreadfully one can\'t hear.', 0, 0, '2013-03-22 21:16:00');
INSERT INTO `messages` (`id`, `from_user_id`, `to_user_id`, `community_id`, `body`, `is_important`, `is_delivered`, `created_at`) VALUES (31, 52, 36, 68, 'Mock Turtle recovered his voice, and, with tears again as she went nearer to make herself useful, and looking anxiously about her. \'Oh, do let me help to undo it!\' \'I shall sit here,\' he said,.', 0, 1, '2016-11-10 22:47:50');
INSERT INTO `messages` (`id`, `from_user_id`, `to_user_id`, `community_id`, `body`, `is_important`, `is_delivered`, `created_at`) VALUES (32, 36, 43, 28, 'Off with his head!\' or \'Off with her head! Off--\' \'Nonsense!\' said Alice, as she stood looking at it uneasily, shaking it every now and then added them up, and began bowing to the jury. \'Not yet,.', 1, 1, '2013-06-19 07:12:11');
INSERT INTO `messages` (`id`, `from_user_id`, `to_user_id`, `community_id`, `body`, `is_important`, `is_delivered`, `created_at`) VALUES (33, 65, 15, 74, 'VERY unpleasant state of mind, she turned away. \'Come back!\' the Caterpillar seemed to Alice as she could, \'If you can\'t take more.\' \'You mean you can\'t swim, can you?\' he added, turning to Alice,.', 1, 0, '2013-03-27 17:43:59');
INSERT INTO `messages` (`id`, `from_user_id`, `to_user_id`, `community_id`, `body`, `is_important`, `is_delivered`, `created_at`) VALUES (34, 78, 76, 12, 'If I or she fell past it. \'Well!\' thought Alice to herself. \'Of the mushroom,\' said the Cat went on, taking first one side and up the fan and gloves--that is, if I can reach the key; and if the Mock.', 1, 0, '2014-07-29 12:55:41');
INSERT INTO `messages` (`id`, `from_user_id`, `to_user_id`, `community_id`, `body`, `is_important`, `is_delivered`, `created_at`) VALUES (35, 100, 88, 13, 'Alice, a little pattering of footsteps in the middle. Alice kept her waiting!\' Alice felt dreadfully puzzled. The Hatter\'s remark seemed to be lost: away went Alice like the largest telescope that.', 1, 0, '2014-03-22 13:53:16');
INSERT INTO `messages` (`id`, `from_user_id`, `to_user_id`, `community_id`, `body`, `is_important`, `is_delivered`, `created_at`) VALUES (36, 97, 24, 90, 'Gryphon went on eagerly. \'That\'s enough about lessons,\' the Gryphon answered, very nearly in the distance, and she thought it had lost something; and she jumped up and leave the court; but on the.', 1, 0, '2014-07-29 17:29:29');
INSERT INTO `messages` (`id`, `from_user_id`, `to_user_id`, `community_id`, `body`, `is_important`, `is_delivered`, `created_at`) VALUES (37, 50, 11, 25, 'CHAPTER VI. Pig and Pepper For a minute or two she stood still where she was appealed to by the officers of the Lizard\'s slate-pencil, and the three were all in bed!\' On various pretexts they all.', 0, 0, '2014-09-10 20:29:34');
INSERT INTO `messages` (`id`, `from_user_id`, `to_user_id`, `community_id`, `body`, `is_important`, `is_delivered`, `created_at`) VALUES (38, 47, 95, 84, 'King. \'It began with the Mouse had changed his mind, and was looking down at her side. She was walking hand in hand with Dinah, and saying \"Come up again, dear!\" I shall have to fly; and the little.', 1, 0, '2014-02-24 19:48:47');
INSERT INTO `messages` (`id`, `from_user_id`, `to_user_id`, `community_id`, `body`, `is_important`, `is_delivered`, `created_at`) VALUES (39, 24, 63, 2, 'Just at this corner--No, tie \'em together first--they don\'t reach half high enough yet--Oh! they\'ll do well enough; don\'t be nervous, or I\'ll have you executed.\' The miserable Hatter dropped his.', 0, 0, '2019-07-03 02:25:21');
INSERT INTO `messages` (`id`, `from_user_id`, `to_user_id`, `community_id`, `body`, `is_important`, `is_delivered`, `created_at`) VALUES (40, 27, 52, 57, 'Alice had learnt several things of this ointment--one shilling the box-- Allow me to sell you a couple?\' \'You are old,\' said the Queen. First came ten soldiers carrying clubs; these were ornamented.', 0, 0, '2013-05-24 09:08:53');
INSERT INTO `messages` (`id`, `from_user_id`, `to_user_id`, `community_id`, `body`, `is_important`, `is_delivered`, `created_at`) VALUES (41, 29, 52, 44, 'Caterpillar seemed to listen, the whole she thought to herself, as she could do, lying down on one knee as he spoke, and added with a sigh: \'it\'s always tea-time, and we\'ve no time she\'d have.', 1, 0, '2020-01-30 22:28:33');
INSERT INTO `messages` (`id`, `from_user_id`, `to_user_id`, `community_id`, `body`, `is_important`, `is_delivered`, `created_at`) VALUES (42, 23, 59, 9, 'Alice. \'Of course they were\', said the Lory hastily. \'I thought it over here,\' said the Duchess; \'and the moral of that is--\"The more there is of yours.\"\' \'Oh, I BEG your pardon!\' she exclaimed in a.', 0, 1, '2019-11-19 14:41:44');
INSERT INTO `messages` (`id`, `from_user_id`, `to_user_id`, `community_id`, `body`, `is_important`, `is_delivered`, `created_at`) VALUES (43, 64, 21, 5, 'Duchess: you\'d better ask HER about it.\' \'She\'s in prison,\' the Queen had ordered. They very soon finished it off. \'If everybody minded their own business!\' \'Ah, well! It means much the same thing.', 0, 1, '2012-03-09 07:07:47');
INSERT INTO `messages` (`id`, `from_user_id`, `to_user_id`, `community_id`, `body`, `is_important`, `is_delivered`, `created_at`) VALUES (44, 77, 86, 37, 'I hadn\'t mentioned Dinah!\' she said to herself; \'the March Hare will be the use of a muchness?\' \'Really, now you ask me,\' said Alice, \'and if it began ordering people about like mad things all this.', 0, 0, '2013-01-29 17:05:25');
INSERT INTO `messages` (`id`, `from_user_id`, `to_user_id`, `community_id`, `body`, `is_important`, `is_delivered`, `created_at`) VALUES (45, 15, 90, 29, 'But do cats eat bats?\' and sometimes, \'Do bats eat cats?\' for, you see, as they would call after her: the last few minutes, and began whistling. \'Oh, there\'s no meaning in them, after all. I needn\'t.', 0, 1, '2016-10-15 23:44:42');
INSERT INTO `messages` (`id`, `from_user_id`, `to_user_id`, `community_id`, `body`, `is_important`, `is_delivered`, `created_at`) VALUES (46, 39, 67, 64, 'TRUE--\" that\'s the jury, of course--\"I GAVE HER ONE, THEY GAVE HIM TWO--\" why, that must be a grin, and she went nearer to make it stop. \'Well, I\'d hardly finished the first sentence in her hands,.', 0, 1, '2013-03-23 18:18:28');
INSERT INTO `messages` (`id`, `from_user_id`, `to_user_id`, `community_id`, `body`, `is_important`, `is_delivered`, `created_at`) VALUES (47, 25, 74, 24, 'Mock Turtle yet?\' \'No,\' said the Hatter. \'Nor I,\' said the King, with an anxious look at me like that!\' By this time she went on: \'But why did they draw the treacle from?\' \'You can draw water out of.', 0, 1, '2019-04-15 23:23:31');
INSERT INTO `messages` (`id`, `from_user_id`, `to_user_id`, `community_id`, `body`, `is_important`, `is_delivered`, `created_at`) VALUES (48, 10, 89, 46, 'THAT. Then again--\"BEFORE SHE HAD THIS FIT--\" you never even introduced to a farmer, you know, as we needn\'t try to find herself talking familiarly with them, as if his heart would break. She pitied.', 0, 1, '2014-10-27 00:22:03');
INSERT INTO `messages` (`id`, `from_user_id`, `to_user_id`, `community_id`, `body`, `is_important`, `is_delivered`, `created_at`) VALUES (49, 88, 87, 1, 'Alice to herself, \'it would have made a rush at Alice for protection. \'You shan\'t be able! I shall ever see such a thing before, and behind it, it occurred to her feet, they seemed to listen, the.', 0, 1, '2018-06-04 18:20:32');
INSERT INTO `messages` (`id`, `from_user_id`, `to_user_id`, `community_id`, `body`, `is_important`, `is_delivered`, `created_at`) VALUES (50, 65, 88, 77, 'HEARTHRUG, NEAR THE FENDER, (WITH ALICE\'S LOVE). Oh dear, what nonsense I\'m talking!\' Just then she remembered how small she was in the distance. \'Come on!\' and ran the faster, while more and more.', 1, 0, '2016-04-30 20:31:37');
INSERT INTO `messages` (`id`, `from_user_id`, `to_user_id`, `community_id`, `body`, `is_important`, `is_delivered`, `created_at`) VALUES (51, 75, 62, 82, 'WAS a curious croquet-ground in her pocket, and was surprised to see if she did not come the same year for such a thing as a cushion, resting their elbows on it, and found that, as nearly as large.', 0, 0, '2013-11-13 23:39:16');
INSERT INTO `messages` (`id`, `from_user_id`, `to_user_id`, `community_id`, `body`, `is_important`, `is_delivered`, `created_at`) VALUES (52, 12, 25, 56, 'Cat. \'--so long as it is.\' \'Then you may nurse it a violent shake at the mushroom (she had kept a piece of bread-and-butter in the pictures of him), while the Mouse was bristling all over, and she.', 0, 1, '2015-09-18 11:08:08');
INSERT INTO `messages` (`id`, `from_user_id`, `to_user_id`, `community_id`, `body`, `is_important`, `is_delivered`, `created_at`) VALUES (53, 72, 58, 58, 'Alice waited till she had to double themselves up and down in a sulky tone, as it left no mark on the top with its arms folded, frowning like a wild beast, screamed \'Off with her head!\' the Queen.', 0, 0, '2017-08-02 08:52:43');
INSERT INTO `messages` (`id`, `from_user_id`, `to_user_id`, `community_id`, `body`, `is_important`, `is_delivered`, `created_at`) VALUES (54, 19, 96, 44, 'Duck and a piece of rudeness was more and more puzzled, but she was now about a whiting to a lobster--\' (Alice began to repeat it, when a cry of \'The trial\'s beginning!\' was heard in the distance,.', 1, 1, '2010-07-17 10:38:05');
INSERT INTO `messages` (`id`, `from_user_id`, `to_user_id`, `community_id`, `body`, `is_important`, `is_delivered`, `created_at`) VALUES (55, 21, 46, 15, 'CHORUS. (In which the wretched Hatter trembled so, that he shook both his shoes on. \'--and just take his head contemptuously. \'I dare say you\'re wondering why I don\'t want to stay with it as you.', 0, 1, '2010-09-06 09:46:07');
INSERT INTO `messages` (`id`, `from_user_id`, `to_user_id`, `community_id`, `body`, `is_important`, `is_delivered`, `created_at`) VALUES (56, 47, 49, 63, 'Alice indignantly, and she had been to a shriek, \'and just as I tell you, you coward!\' and at once to eat or drink anything; so I\'ll just see what I say--that\'s the same thing with you,\' said the.', 1, 0, '2016-07-11 22:32:34');
INSERT INTO `messages` (`id`, `from_user_id`, `to_user_id`, `community_id`, `body`, `is_important`, `is_delivered`, `created_at`) VALUES (57, 97, 70, 79, 'Hatter grumbled: \'you shouldn\'t have put it right; \'not that it had grown up,\' she said to the law, And argued each case with my wife; And the moral of that is--\"Oh, \'tis love, that makes them.', 1, 0, '2011-08-18 04:33:47');
INSERT INTO `messages` (`id`, `from_user_id`, `to_user_id`, `community_id`, `body`, `is_important`, `is_delivered`, `created_at`) VALUES (58, 8, 61, 1, 'Alice herself, and fanned herself with one finger, as he spoke, and then said \'The fourth.\' \'Two days wrong!\' sighed the Lory, who at last she spread out her hand, watching the setting sun, and.', 0, 1, '2017-09-14 04:40:10');
INSERT INTO `messages` (`id`, `from_user_id`, `to_user_id`, `community_id`, `body`, `is_important`, `is_delivered`, `created_at`) VALUES (59, 90, 84, 29, 'Alice panted as she did so, and were quite dry again, the Dodo suddenly called out as loud as she stood still where she was, and waited. When the Mouse was bristling all over, and both creatures hid.', 0, 0, '2010-05-25 04:21:33');
INSERT INTO `messages` (`id`, `from_user_id`, `to_user_id`, `community_id`, `body`, `is_important`, `is_delivered`, `created_at`) VALUES (60, 46, 5, 82, 'Do come back with the game,\' the Queen never left off quarrelling with the next witness would be quite as safe to stay in here any longer!\' She waited for a few yards off. The Cat seemed to be.', 1, 0, '2017-03-03 18:37:11');
INSERT INTO `messages` (`id`, `from_user_id`, `to_user_id`, `community_id`, `body`, `is_important`, `is_delivered`, `created_at`) VALUES (61, 73, 85, 66, 'Alice. \'Nothing,\' said Alice. \'Why, SHE,\' said the Queen. \'Can you play croquet?\' The soldiers were silent, and looked along the passage into the sea, though you mayn\'t believe it--\' \'I never saw.', 1, 0, '2015-06-22 22:19:07');
INSERT INTO `messages` (`id`, `from_user_id`, `to_user_id`, `community_id`, `body`, `is_important`, `is_delivered`, `created_at`) VALUES (62, 72, 98, 58, 'You see the Queen. \'Their heads are gone, if it wasn\'t very civil of you to learn?\' \'Well, there was no one else seemed inclined to say a word, but slowly followed her back to the beginning again?\'.', 0, 0, '2010-12-28 06:19:43');
INSERT INTO `messages` (`id`, `from_user_id`, `to_user_id`, `community_id`, `body`, `is_important`, `is_delivered`, `created_at`) VALUES (63, 59, 81, 6, 'YOU manage?\' Alice asked. The Hatter opened his eyes. \'I wasn\'t asleep,\' he said in an angry voice--the Rabbit\'s--\'Pat! Pat! Where are you?\' said Alice, (she had grown to her in a moment to be two.', 0, 1, '2010-06-13 20:36:31');
INSERT INTO `messages` (`id`, `from_user_id`, `to_user_id`, `community_id`, `body`, `is_important`, `is_delivered`, `created_at`) VALUES (64, 87, 46, 92, 'Duchess: you\'d better finish the story for yourself.\' \'No, please go on!\' Alice said to herself, \'I wish the creatures argue. It\'s enough to try the patience of an oyster!\' \'I wish I hadn\'t.', 1, 0, '2018-08-02 20:41:10');
INSERT INTO `messages` (`id`, `from_user_id`, `to_user_id`, `community_id`, `body`, `is_important`, `is_delivered`, `created_at`) VALUES (65, 68, 51, 33, 'At last the Mock Turtle; \'but it doesn\'t understand English,\' thought Alice; \'but a grin without a grin,\' thought Alice; but she could have been a holiday?\' \'Of course you know that cats COULD.', 1, 1, '2016-11-09 23:38:36');
INSERT INTO `messages` (`id`, `from_user_id`, `to_user_id`, `community_id`, `body`, `is_important`, `is_delivered`, `created_at`) VALUES (66, 34, 42, 81, 'Alice, in a wondering tone. \'Why, what a delightful thing a bit!\' said the Gryphon. \'Well, I shan\'t grow any more--As it is, I suppose?\' said Alice. \'Then you keep moving round, I suppose?\' \'Yes,\'.', 1, 0, '2011-04-17 11:52:32');
INSERT INTO `messages` (`id`, `from_user_id`, `to_user_id`, `community_id`, `body`, `is_important`, `is_delivered`, `created_at`) VALUES (67, 12, 45, 11, 'ME, and told me he was obliged to say \'Drink me,\' but the Mouse in the lap of her childhood: and how she would get up and down looking for eggs, as it went. So she began: \'O Mouse, do you know about.', 1, 1, '2015-02-18 07:22:57');
INSERT INTO `messages` (`id`, `from_user_id`, `to_user_id`, `community_id`, `body`, `is_important`, `is_delivered`, `created_at`) VALUES (68, 66, 84, 65, 'I can\'t take LESS,\' said the Mock Turtle went on, very much what would happen next. First, she tried her best to climb up one of the Lobster; I heard him declare, \"You have baked me too brown, I.', 0, 1, '2018-03-05 12:53:22');
INSERT INTO `messages` (`id`, `from_user_id`, `to_user_id`, `community_id`, `body`, `is_important`, `is_delivered`, `created_at`) VALUES (69, 2, 85, 13, 'OF ITS WAISTCOAT-POCKET, and looked very anxiously into her face, with such a thing as \"I sleep when I got up in her life; it was quite surprised to find herself talking familiarly with them, as if.', 1, 0, '2016-02-07 01:05:17');
INSERT INTO `messages` (`id`, `from_user_id`, `to_user_id`, `community_id`, `body`, `is_important`, `is_delivered`, `created_at`) VALUES (70, 80, 22, 43, 'King; \'and don\'t look at me like that!\' \'I couldn\'t help it,\' she said to herself as she could not stand, and she felt that she had never been so much frightened that she tipped over the fire,.', 0, 0, '2012-04-16 23:03:53');
INSERT INTO `messages` (`id`, `from_user_id`, `to_user_id`, `community_id`, `body`, `is_important`, `is_delivered`, `created_at`) VALUES (71, 30, 26, 38, 'Gryphon. \'I\'ve forgotten the words.\' So they had to kneel down on her lap as if nothing had happened. \'How am I to do it.\' (And, as you might like to show you! A little bright-eyed terrier, you.', 0, 0, '2011-02-22 09:45:58');
INSERT INTO `messages` (`id`, `from_user_id`, `to_user_id`, `community_id`, `body`, `is_important`, `is_delivered`, `created_at`) VALUES (72, 71, 27, 40, 'Alice, and she swam lazily about in all their simple sorrows, and find a thing,\' said the cook. The King and Queen of Hearts were seated on their throne when they met in the kitchen. \'When I\'M a.', 1, 0, '2012-03-15 04:24:40');
INSERT INTO `messages` (`id`, `from_user_id`, `to_user_id`, `community_id`, `body`, `is_important`, `is_delivered`, `created_at`) VALUES (73, 96, 78, 44, 'Alice said very humbly; \'I won\'t interrupt again. I dare say you never had fits, my dear, YOU must cross-examine THIS witness.\' \'Well, if I was, I shouldn\'t like THAT!\' \'Oh, you foolish Alice!\' she.', 1, 0, '2018-07-15 11:20:35');
INSERT INTO `messages` (`id`, `from_user_id`, `to_user_id`, `community_id`, `body`, `is_important`, `is_delivered`, `created_at`) VALUES (74, 87, 85, 15, 'Alice looked up, and began by taking the little golden key and hurried off to trouble myself about you: you must manage the best thing to eat or drink under the circumstances. There was a very.', 1, 0, '2016-04-02 20:28:03');
INSERT INTO `messages` (`id`, `from_user_id`, `to_user_id`, `community_id`, `body`, `is_important`, `is_delivered`, `created_at`) VALUES (75, 62, 33, 28, 'I then? Tell me that first, and then, and holding it to be sure; but I think that there was no more of the cattle in the same thing as \"I get what I was thinking I should be free of them say, \'Look.', 0, 1, '2018-07-24 01:04:43');
INSERT INTO `messages` (`id`, `from_user_id`, `to_user_id`, `community_id`, `body`, `is_important`, `is_delivered`, `created_at`) VALUES (76, 90, 35, 94, 'WHAT things?\' said the Dodo, \'the best way to change the subject,\' the March Hare. Alice sighed wearily. \'I think you could manage it?) \'And what an ignorant little girl she\'ll think me at home!.', 0, 0, '2013-12-11 01:35:26');
INSERT INTO `messages` (`id`, `from_user_id`, `to_user_id`, `community_id`, `body`, `is_important`, `is_delivered`, `created_at`) VALUES (77, 17, 61, 62, 'Gryphon. \'How the creatures argue. It\'s enough to drive one crazy!\' The Footman seemed to be managed? I suppose Dinah\'ll be sending me on messages next!\' And she squeezed herself up on to her in.', 0, 1, '2010-09-13 17:28:14');
INSERT INTO `messages` (`id`, `from_user_id`, `to_user_id`, `community_id`, `body`, `is_important`, `is_delivered`, `created_at`) VALUES (78, 32, 75, 43, 'The Queen turned crimson with fury, and, after waiting till she was holding, and she went on, spreading out the answer to shillings and pence. \'Take off your hat,\' the King had said that day. \'A.', 1, 1, '2012-05-01 17:14:13');
INSERT INTO `messages` (`id`, `from_user_id`, `to_user_id`, `community_id`, `body`, `is_important`, `is_delivered`, `created_at`) VALUES (79, 41, 18, 27, 'THAT direction,\' the Cat in a tone of great curiosity. \'Soles and eels, of course,\' the Dodo could not stand, and she did not see anything that had fluttered down from the sky! Ugh, Serpent!\' \'But.', 0, 0, '2016-10-22 11:58:44');
INSERT INTO `messages` (`id`, `from_user_id`, `to_user_id`, `community_id`, `body`, `is_important`, `is_delivered`, `created_at`) VALUES (80, 21, 9, 81, 'And the muscular strength, which it gave to my boy, I beat him when he sneezes: He only does it to be seen: she found a little pattering of feet on the bank--the birds with draggled feathers, the.', 1, 0, '2016-02-21 17:19:39');
INSERT INTO `messages` (`id`, `from_user_id`, `to_user_id`, `community_id`, `body`, `is_important`, `is_delivered`, `created_at`) VALUES (81, 68, 54, 83, 'Hatter went on in a soothing tone: \'don\'t be angry about it. And yet I wish you wouldn\'t mind,\' said Alice: \'besides, that\'s not a regular rule: you invented it just now.\' \'It\'s the first verse,\'.', 0, 1, '2019-01-14 17:02:47');
INSERT INTO `messages` (`id`, `from_user_id`, `to_user_id`, `community_id`, `body`, `is_important`, `is_delivered`, `created_at`) VALUES (82, 50, 80, 56, 'Alice, \'how am I to do that,\' said the Dodo. Then they all crowded together at one corner of it: \'No room! No room!\' they cried out when they saw Alice coming. \'There\'s PLENTY of room!\' said Alice.', 1, 0, '2012-12-06 01:33:22');
INSERT INTO `messages` (`id`, `from_user_id`, `to_user_id`, `community_id`, `body`, `is_important`, `is_delivered`, `created_at`) VALUES (83, 99, 15, 37, 'Alice was only the pepper that had made out what it was: she was exactly the right thing to nurse--and she\'s such a very short time the Queen to play croquet.\' The Frog-Footman repeated, in the.', 1, 0, '2013-10-18 23:57:29');
INSERT INTO `messages` (`id`, `from_user_id`, `to_user_id`, `community_id`, `body`, `is_important`, `is_delivered`, `created_at`) VALUES (84, 64, 100, 57, 'Footman. \'That\'s the reason so many different sizes in a languid, sleepy voice. \'Who are YOU?\' Which brought them back again to the porpoise, \"Keep back, please: we don\'t want to go! Let me see:.', 1, 1, '2014-05-04 12:52:09');
INSERT INTO `messages` (`id`, `from_user_id`, `to_user_id`, `community_id`, `body`, `is_important`, `is_delivered`, `created_at`) VALUES (85, 100, 43, 80, 'The Cat seemed to be no chance of her little sister\'s dream. The long grass rustled at her feet in a natural way again. \'I should like to be Number One,\' said Alice. \'Why, there they are!\' said the.', 0, 1, '2016-05-09 15:29:42');
INSERT INTO `messages` (`id`, `from_user_id`, `to_user_id`, `community_id`, `body`, `is_important`, `is_delivered`, `created_at`) VALUES (86, 22, 29, 51, 'Dormouse, who seemed to Alice with one foot. \'Get up!\' said the King. \'Nothing whatever,\' said Alice. \'Of course it was,\' said the Caterpillar. \'I\'m afraid I\'ve offended it again!\' For the Mouse.', 0, 1, '2017-02-13 03:01:13');
INSERT INTO `messages` (`id`, `from_user_id`, `to_user_id`, `community_id`, `body`, `is_important`, `is_delivered`, `created_at`) VALUES (87, 68, 93, 48, 'There was a large caterpillar, that was trickling down his cheeks, he went on saying to her chin in salt water. Her first idea was that you had been anything near the right distance--but then I.', 1, 0, '2013-04-07 16:13:28');
INSERT INTO `messages` (`id`, `from_user_id`, `to_user_id`, `community_id`, `body`, `is_important`, `is_delivered`, `created_at`) VALUES (88, 55, 64, 8, 'Alice; \'I might as well wait, as she was quite silent for a minute or two, it was just possible it had come to the fifth bend, I think?\' he said to the conclusion that it felt quite relieved to see.', 1, 0, '2016-01-22 21:47:33');
INSERT INTO `messages` (`id`, `from_user_id`, `to_user_id`, `community_id`, `body`, `is_important`, `is_delivered`, `created_at`) VALUES (89, 70, 41, 59, 'I hadn\'t to bring but one; Bill\'s got the other--Bill! fetch it back!\' \'And who is to find quite a crowd of little Alice was so much contradicted in her hand, and Alice was silent. The King laid his.', 1, 0, '2019-04-11 16:09:16');
INSERT INTO `messages` (`id`, `from_user_id`, `to_user_id`, `community_id`, `body`, `is_important`, `is_delivered`, `created_at`) VALUES (90, 49, 32, 64, 'I hadn\'t quite finished my tea when I grow at a reasonable pace,\' said the Hatter. \'It isn\'t directed at all,\' said the Caterpillar. Alice folded her hands, wondering if anything would EVER happen.', 1, 0, '2014-08-28 03:42:25');
INSERT INTO `messages` (`id`, `from_user_id`, `to_user_id`, `community_id`, `body`, `is_important`, `is_delivered`, `created_at`) VALUES (91, 74, 38, 29, 'Alice desperately: \'he\'s perfectly idiotic!\' And she squeezed herself up closer to Alice\'s great surprise, the Duchess\'s knee, while plates and dishes crashed around it--once more the pig-baby was.', 1, 1, '2019-10-22 11:03:37');
INSERT INTO `messages` (`id`, `from_user_id`, `to_user_id`, `community_id`, `body`, `is_important`, `is_delivered`, `created_at`) VALUES (92, 66, 91, 63, 'King, and the other paw, \'lives a March Hare. \'Then it wasn\'t trouble enough hatching the eggs,\' said the Hatter: \'as the things get used to queer things happening. While she was walking hand in.', 1, 0, '2019-12-01 20:06:18');
INSERT INTO `messages` (`id`, `from_user_id`, `to_user_id`, `community_id`, `body`, `is_important`, `is_delivered`, `created_at`) VALUES (93, 98, 97, 54, 'I mentioned before, And have grown most uncommonly fat; Yet you balanced an eel on the glass table as before, \'It\'s all her riper years, the simple and loving heart of her or of anything else..', 0, 0, '2010-12-07 21:25:21');
INSERT INTO `messages` (`id`, `from_user_id`, `to_user_id`, `community_id`, `body`, `is_important`, `is_delivered`, `created_at`) VALUES (94, 65, 39, 96, 'Mary Ann, and be turned out of the house of the way down one side and up I goes like a star-fish,\' thought Alice. One of the pack, she could remember them, all these strange Adventures of hers that.', 1, 1, '2020-02-15 00:36:56');
INSERT INTO `messages` (`id`, `from_user_id`, `to_user_id`, `community_id`, `body`, `is_important`, `is_delivered`, `created_at`) VALUES (95, 14, 86, 8, 'Alice. \'You must be,\' said the King triumphantly, pointing to Alice with one eye; but to her feet, they seemed to be no use in saying anything more till the eyes appeared, and then nodded. \'It\'s no.', 0, 1, '2016-03-18 16:27:27');
INSERT INTO `messages` (`id`, `from_user_id`, `to_user_id`, `community_id`, `body`, `is_important`, `is_delivered`, `created_at`) VALUES (96, 47, 82, 94, 'I can\'t remember,\' said the Duchess. \'Everything\'s got a moral, if only you can find out the verses on his slate with one eye; \'I seem to encourage the witness at all: he kept shifting from one foot.', 0, 1, '2013-12-28 04:09:42');
INSERT INTO `messages` (`id`, `from_user_id`, `to_user_id`, `community_id`, `body`, `is_important`, `is_delivered`, `created_at`) VALUES (97, 40, 97, 11, 'Alice, \'it would be wasting our breath.\" \"I\'ll be judge, I\'ll be jury,\" Said cunning old Fury: \"I\'ll try the first verse,\' said the King, who had got its head to hide a smile: some of the country.', 0, 0, '2015-02-10 15:53:33');
INSERT INTO `messages` (`id`, `from_user_id`, `to_user_id`, `community_id`, `body`, `is_important`, `is_delivered`, `created_at`) VALUES (98, 61, 38, 96, 'There was a good deal frightened by this time, as it was good manners for her to speak with. Alice waited till she heard the Queen\'s voice in the pool was getting so far off). \'Oh, my poor little.', 0, 1, '2019-11-23 17:28:00');
INSERT INTO `messages` (`id`, `from_user_id`, `to_user_id`, `community_id`, `body`, `is_important`, `is_delivered`, `created_at`) VALUES (99, 12, 24, 27, 'I ever saw in another moment it was a little worried. \'Just about as she ran; but the Mouse was swimming away from her as hard as he came, \'Oh! the Duchess, \'chop off her knowledge, as there was the.', 1, 0, '2011-06-05 18:45:07');
INSERT INTO `messages` (`id`, `from_user_id`, `to_user_id`, `community_id`, `body`, `is_important`, `is_delivered`, `created_at`) VALUES (100, 38, 11, 36, 'Dormouse, and repeated her question. \'Why did you begin?\' The Hatter looked at her, and said, very gravely, \'I think, you ought to speak, and no room at all a proper way of settling all.', 1, 0, '2019-10-04 02:58:47');


#
# TABLE STRUCTURE FOR: profiles
#

DROP TABLE IF EXISTS `profiles`;

CREATE TABLE `profiles` (
  `user_id` int(10) unsigned NOT NULL,
  `gender` char(1) COLLATE utf8_unicode_ci NOT NULL,
  `birthday` date DEFAULT NULL,
  `city` varchar(100) COLLATE utf8_unicode_ci DEFAULT NULL,
  `country` varchar(100) COLLATE utf8_unicode_ci DEFAULT NULL,
  PRIMARY KEY (`user_id`)
) ENGINE=InnoDB DEFAULT CHARSET=utf8 COLLATE=utf8_unicode_ci;

INSERT INTO `profiles` (`user_id`, `gender`, `birthday`, `city`, `country`) VALUES (1, 'm', '2006-10-21', 'Lake Shaylee', 'Iraq');
INSERT INTO `profiles` (`user_id`, `gender`, `birthday`, `city`, `country`) VALUES (2, 'f', '2005-07-08', 'North Selena', 'United States Virgin Islands');
INSERT INTO `profiles` (`user_id`, `gender`, `birthday`, `city`, `country`) VALUES (3, 'f', '1971-12-29', 'Lake Christinaborough', 'Equatorial Guinea');
INSERT INTO `profiles` (`user_id`, `gender`, `birthday`, `city`, `country`) VALUES (4, 'm', '2001-06-03', 'South Keeleyberg', 'Belize');
INSERT INTO `profiles` (`user_id`, `gender`, `birthday`, `city`, `country`) VALUES (5, 'f', '1996-10-25', 'East Eduardo', 'Sweden');
INSERT INTO `profiles` (`user_id`, `gender`, `birthday`, `city`, `country`) VALUES (6, 'm', '2014-09-27', 'Bartmouth', 'Brunei Darussalam');
INSERT INTO `profiles` (`user_id`, `gender`, `birthday`, `city`, `country`) VALUES (7, 'm', '1988-09-01', 'North Eldridge', 'Tokelau');
INSERT INTO `profiles` (`user_id`, `gender`, `birthday`, `city`, `country`) VALUES (8, 'm', '2018-04-14', 'Lake Jakob', 'South Africa');
INSERT INTO `profiles` (`user_id`, `gender`, `birthday`, `city`, `country`) VALUES (9, 'm', '1994-02-13', 'Corteztown', 'San Marino');
INSERT INTO `profiles` (`user_id`, `gender`, `birthday`, `city`, `country`) VALUES (10, 'f', '1995-01-20', 'New Brucehaven', 'Afghanistan');
INSERT INTO `profiles` (`user_id`, `gender`, `birthday`, `city`, `country`) VALUES (11, 'f', '1998-06-25', 'Ameliaborough', 'Saint Martin');
INSERT INTO `profiles` (`user_id`, `gender`, `birthday`, `city`, `country`) VALUES (12, 'm', '1994-07-31', 'Port Manuel', 'Eritrea');
INSERT INTO `profiles` (`user_id`, `gender`, `birthday`, `city`, `country`) VALUES (13, 'f', '1992-11-29', 'Andreton', 'Chile');
INSERT INTO `profiles` (`user_id`, `gender`, `birthday`, `city`, `country`) VALUES (14, 'm', '2014-04-17', 'Aramouth', 'Wallis and Futuna');
INSERT INTO `profiles` (`user_id`, `gender`, `birthday`, `city`, `country`) VALUES (15, 'm', '2003-12-23', 'North Alexandreaville', 'Italy');
INSERT INTO `profiles` (`user_id`, `gender`, `birthday`, `city`, `country`) VALUES (16, 'f', '2010-05-12', 'Bashirianberg', 'Reunion');
INSERT INTO `profiles` (`user_id`, `gender`, `birthday`, `city`, `country`) VALUES (17, 'm', '2009-06-28', 'Austinchester', 'Comoros');
INSERT INTO `profiles` (`user_id`, `gender`, `birthday`, `city`, `country`) VALUES (18, 'm', '1977-09-23', 'South Maximillianmouth', 'Martinique');
INSERT INTO `profiles` (`user_id`, `gender`, `birthday`, `city`, `country`) VALUES (19, 'f', '1977-10-28', 'North Geovannyhaven', 'Bulgaria');
INSERT INTO `profiles` (`user_id`, `gender`, `birthday`, `city`, `country`) VALUES (20, 'f', '2010-10-15', 'Krischester', 'Brazil');
INSERT INTO `profiles` (`user_id`, `gender`, `birthday`, `city`, `country`) VALUES (21, 'm', '2010-12-31', 'Lednermouth', 'Comoros');
INSERT INTO `profiles` (`user_id`, `gender`, `birthday`, `city`, `country`) VALUES (22, 'm', '1979-06-20', 'Shaynaland', 'Kuwait');
INSERT INTO `profiles` (`user_id`, `gender`, `birthday`, `city`, `country`) VALUES (23, 'm', '1970-09-11', 'Lake Vidal', 'Philippines');
INSERT INTO `profiles` (`user_id`, `gender`, `birthday`, `city`, `country`) VALUES (24, 'f', '1986-02-28', 'South Katelynnborough', 'South Africa');
INSERT INTO `profiles` (`user_id`, `gender`, `birthday`, `city`, `country`) VALUES (25, 'f', '1995-11-12', 'West Torrey', 'Saint Lucia');
INSERT INTO `profiles` (`user_id`, `gender`, `birthday`, `city`, `country`) VALUES (26, 'f', '1979-05-22', 'Lake Leannville', 'Pitcairn Islands');
INSERT INTO `profiles` (`user_id`, `gender`, `birthday`, `city`, `country`) VALUES (27, 'f', '1982-03-18', 'Madonnahaven', 'French Polynesia');
INSERT INTO `profiles` (`user_id`, `gender`, `birthday`, `city`, `country`) VALUES (28, 'm', '1975-10-30', 'Bergeborough', 'Iraq');
INSERT INTO `profiles` (`user_id`, `gender`, `birthday`, `city`, `country`) VALUES (29, 'f', '2006-06-28', 'Luellaland', 'Tanzania');
INSERT INTO `profiles` (`user_id`, `gender`, `birthday`, `city`, `country`) VALUES (30, 'm', '1989-11-09', 'Shyanneview', 'Saint Barthelemy');
INSERT INTO `profiles` (`user_id`, `gender`, `birthday`, `city`, `country`) VALUES (31, 'm', '1999-10-14', 'Dwightstad', 'Chad');
INSERT INTO `profiles` (`user_id`, `gender`, `birthday`, `city`, `country`) VALUES (32, 'm', '1992-04-18', 'West Jalonstad', 'Korea');
INSERT INTO `profiles` (`user_id`, `gender`, `birthday`, `city`, `country`) VALUES (33, 'm', '1989-02-18', 'Kuvalisside', 'Mayotte');
INSERT INTO `profiles` (`user_id`, `gender`, `birthday`, `city`, `country`) VALUES (34, 'f', '2006-09-23', 'Port Lauryn', 'Ecuador');
INSERT INTO `profiles` (`user_id`, `gender`, `birthday`, `city`, `country`) VALUES (35, 'f', '1985-02-12', 'Jonesmouth', 'Sri Lanka');
INSERT INTO `profiles` (`user_id`, `gender`, `birthday`, `city`, `country`) VALUES (36, 'f', '1970-12-12', 'Milliefort', 'Cayman Islands');
INSERT INTO `profiles` (`user_id`, `gender`, `birthday`, `city`, `country`) VALUES (37, 'f', '1986-04-15', 'East Coralie', 'Romania');
INSERT INTO `profiles` (`user_id`, `gender`, `birthday`, `city`, `country`) VALUES (38, 'm', '2008-07-06', 'Zboncakmouth', 'China');
INSERT INTO `profiles` (`user_id`, `gender`, `birthday`, `city`, `country`) VALUES (39, 'f', '1971-05-11', 'Cristton', 'Ethiopia');
INSERT INTO `profiles` (`user_id`, `gender`, `birthday`, `city`, `country`) VALUES (40, 'f', '2017-01-05', 'Kundechester', 'Mali');
INSERT INTO `profiles` (`user_id`, `gender`, `birthday`, `city`, `country`) VALUES (41, 'm', '2014-06-25', 'Port Isai', 'Kenya');
INSERT INTO `profiles` (`user_id`, `gender`, `birthday`, `city`, `country`) VALUES (42, 'f', '1972-12-27', 'West Reyna', 'Niue');
INSERT INTO `profiles` (`user_id`, `gender`, `birthday`, `city`, `country`) VALUES (43, 'm', '2012-10-10', 'East Karlieport', 'Pakistan');
INSERT INTO `profiles` (`user_id`, `gender`, `birthday`, `city`, `country`) VALUES (44, 'm', '2014-05-05', 'Port Elsechester', 'Burundi');
INSERT INTO `profiles` (`user_id`, `gender`, `birthday`, `city`, `country`) VALUES (45, 'f', '1995-10-13', 'Lake Katelynview', 'Finland');
INSERT INTO `profiles` (`user_id`, `gender`, `birthday`, `city`, `country`) VALUES (46, 'f', '2017-03-08', 'Patienceshire', 'Suriname');
INSERT INTO `profiles` (`user_id`, `gender`, `birthday`, `city`, `country`) VALUES (47, 'f', '1998-11-09', 'Genefort', 'Guernsey');
INSERT INTO `profiles` (`user_id`, `gender`, `birthday`, `city`, `country`) VALUES (48, 'm', '2018-07-30', 'Allyfort', 'Romania');
INSERT INTO `profiles` (`user_id`, `gender`, `birthday`, `city`, `country`) VALUES (49, 'm', '1994-01-12', 'Orieville', 'Saudi Arabia');
INSERT INTO `profiles` (`user_id`, `gender`, `birthday`, `city`, `country`) VALUES (50, 'f', '1983-12-27', 'Fayfurt', 'India');
INSERT INTO `profiles` (`user_id`, `gender`, `birthday`, `city`, `country`) VALUES (51, 'm', '2007-08-07', 'Elnoraview', 'Kenya');
INSERT INTO `profiles` (`user_id`, `gender`, `birthday`, `city`, `country`) VALUES (52, 'f', '1989-08-28', 'New Julius', 'Burkina Faso');
INSERT INTO `profiles` (`user_id`, `gender`, `birthday`, `city`, `country`) VALUES (53, 'f', '1970-01-04', 'Lillaburgh', 'Korea');
INSERT INTO `profiles` (`user_id`, `gender`, `birthday`, `city`, `country`) VALUES (54, 'f', '2001-09-12', 'North Gudrun', 'Mexico');
INSERT INTO `profiles` (`user_id`, `gender`, `birthday`, `city`, `country`) VALUES (55, 'f', '2009-06-22', 'Port Kirstenport', 'Czech Republic');
INSERT INTO `profiles` (`user_id`, `gender`, `birthday`, `city`, `country`) VALUES (56, 'm', '1988-08-26', 'North Jewell', 'Qatar');
INSERT INTO `profiles` (`user_id`, `gender`, `birthday`, `city`, `country`) VALUES (57, 'f', '2008-08-29', 'Kaylinville', 'Namibia');
INSERT INTO `profiles` (`user_id`, `gender`, `birthday`, `city`, `country`) VALUES (58, 'm', '1989-08-03', 'West Polly', 'Armenia');
INSERT INTO `profiles` (`user_id`, `gender`, `birthday`, `city`, `country`) VALUES (59, 'm', '1974-08-13', 'Bertaton', 'Liberia');
INSERT INTO `profiles` (`user_id`, `gender`, `birthday`, `city`, `country`) VALUES (60, 'f', '1980-12-20', 'North Eddtown', 'Thailand');
INSERT INTO `profiles` (`user_id`, `gender`, `birthday`, `city`, `country`) VALUES (61, 'm', '1984-02-09', 'Berthaville', 'Northern Mariana Islands');
INSERT INTO `profiles` (`user_id`, `gender`, `birthday`, `city`, `country`) VALUES (62, 'f', '1981-12-17', 'North Gretafort', 'Papua New Guinea');
INSERT INTO `profiles` (`user_id`, `gender`, `birthday`, `city`, `country`) VALUES (63, 'f', '2004-01-11', 'East Edwinborough', 'Burundi');
INSERT INTO `profiles` (`user_id`, `gender`, `birthday`, `city`, `country`) VALUES (64, 'm', '2006-05-28', 'Rutherfordville', 'Syrian Arab Republic');
INSERT INTO `profiles` (`user_id`, `gender`, `birthday`, `city`, `country`) VALUES (65, 'f', '2019-11-20', 'West Saul', 'United States Minor Outlying Islands');
INSERT INTO `profiles` (`user_id`, `gender`, `birthday`, `city`, `country`) VALUES (66, 'm', '1970-01-02', 'Parkerburgh', 'Sudan');
INSERT INTO `profiles` (`user_id`, `gender`, `birthday`, `city`, `country`) VALUES (67, 'm', '1990-05-12', 'Marcellebury', 'Lithuania');
INSERT INTO `profiles` (`user_id`, `gender`, `birthday`, `city`, `country`) VALUES (68, 'm', '1995-12-29', 'West Lucinda', 'Kenya');
INSERT INTO `profiles` (`user_id`, `gender`, `birthday`, `city`, `country`) VALUES (69, 'f', '1993-12-09', 'Donnellyborough', 'Lesotho');
INSERT INTO `profiles` (`user_id`, `gender`, `birthday`, `city`, `country`) VALUES (70, 'm', '2018-06-04', 'Koryside', 'Belarus');
INSERT INTO `profiles` (`user_id`, `gender`, `birthday`, `city`, `country`) VALUES (71, 'm', '1985-03-17', 'Mantehaven', 'Turks and Caicos Islands');
INSERT INTO `profiles` (`user_id`, `gender`, `birthday`, `city`, `country`) VALUES (72, 'f', '1991-08-03', 'Lake Eudoramouth', 'Turks and Caicos Islands');
INSERT INTO `profiles` (`user_id`, `gender`, `birthday`, `city`, `country`) VALUES (73, 'm', '1979-06-19', 'Roslynborough', 'Lithuania');
INSERT INTO `profiles` (`user_id`, `gender`, `birthday`, `city`, `country`) VALUES (74, 'f', '1987-10-23', 'McLaughlinfurt', 'Congo');
INSERT INTO `profiles` (`user_id`, `gender`, `birthday`, `city`, `country`) VALUES (75, 'm', '2003-03-14', 'West Gwendolynville', 'Korea');
INSERT INTO `profiles` (`user_id`, `gender`, `birthday`, `city`, `country`) VALUES (76, 'm', '2015-08-08', 'Magnushaven', 'Tanzania');
INSERT INTO `profiles` (`user_id`, `gender`, `birthday`, `city`, `country`) VALUES (77, 'f', '1974-08-28', 'Albinafort', 'Djibouti');
INSERT INTO `profiles` (`user_id`, `gender`, `birthday`, `city`, `country`) VALUES (78, 'f', '1970-11-16', 'North Lorena', 'Hong Kong');
INSERT INTO `profiles` (`user_id`, `gender`, `birthday`, `city`, `country`) VALUES (79, 'm', '1990-09-03', 'North Rebeccafurt', 'Cocos (Keeling) Islands');
INSERT INTO `profiles` (`user_id`, `gender`, `birthday`, `city`, `country`) VALUES (80, 'f', '1975-05-11', 'Gregoriachester', 'Guadeloupe');
INSERT INTO `profiles` (`user_id`, `gender`, `birthday`, `city`, `country`) VALUES (81, 'm', '1982-06-25', 'Lake Adah', 'Dominica');
INSERT INTO `profiles` (`user_id`, `gender`, `birthday`, `city`, `country`) VALUES (82, 'f', '2007-08-24', 'Minnieland', 'Guinea');
INSERT INTO `profiles` (`user_id`, `gender`, `birthday`, `city`, `country`) VALUES (83, 'm', '1974-12-23', 'Maximillianview', 'Guyana');
INSERT INTO `profiles` (`user_id`, `gender`, `birthday`, `city`, `country`) VALUES (84, 'm', '1990-07-18', 'South Jeramy', 'Belarus');
INSERT INTO `profiles` (`user_id`, `gender`, `birthday`, `city`, `country`) VALUES (85, 'm', '1988-01-24', 'Lefflerstad', 'Serbia');
INSERT INTO `profiles` (`user_id`, `gender`, `birthday`, `city`, `country`) VALUES (86, 'f', '1991-11-19', 'Niamouth', 'Argentina');
INSERT INTO `profiles` (`user_id`, `gender`, `birthday`, `city`, `country`) VALUES (87, 'm', '1989-02-10', 'Rozellachester', 'Bhutan');
INSERT INTO `profiles` (`user_id`, `gender`, `birthday`, `city`, `country`) VALUES (88, 'f', '2005-02-02', 'New Sallietown', 'Mauritius');
INSERT INTO `profiles` (`user_id`, `gender`, `birthday`, `city`, `country`) VALUES (89, 'f', '2003-11-26', 'Kirlinburgh', 'Costa Rica');
INSERT INTO `profiles` (`user_id`, `gender`, `birthday`, `city`, `country`) VALUES (90, 'f', '2003-01-13', 'Cummeratatown', 'Jamaica');
INSERT INTO `profiles` (`user_id`, `gender`, `birthday`, `city`, `country`) VALUES (91, 'f', '1994-05-26', 'Langhaven', 'Ethiopia');
INSERT INTO `profiles` (`user_id`, `gender`, `birthday`, `city`, `country`) VALUES (92, 'f', '2017-08-04', 'South Brigitteville', 'Honduras');
INSERT INTO `profiles` (`user_id`, `gender`, `birthday`, `city`, `country`) VALUES (93, 'm', '2018-06-06', 'West Rebahaven', 'Cook Islands');
INSERT INTO `profiles` (`user_id`, `gender`, `birthday`, `city`, `country`) VALUES (94, 'm', '2011-06-27', 'Lake Liza', 'Kazakhstan');
INSERT INTO `profiles` (`user_id`, `gender`, `birthday`, `city`, `country`) VALUES (95, 'm', '2003-04-28', 'South Kasey', 'Seychelles');
INSERT INTO `profiles` (`user_id`, `gender`, `birthday`, `city`, `country`) VALUES (96, 'm', '1996-10-17', 'New Isabelle', 'Zambia');
INSERT INTO `profiles` (`user_id`, `gender`, `birthday`, `city`, `country`) VALUES (97, 'f', '2016-02-28', 'Quitzonfort', 'Peru');
INSERT INTO `profiles` (`user_id`, `gender`, `birthday`, `city`, `country`) VALUES (98, 'm', '2016-06-27', 'South Larueside', 'Tajikistan');
INSERT INTO `profiles` (`user_id`, `gender`, `birthday`, `city`, `country`) VALUES (99, 'f', '2019-09-28', 'East Erling', 'Anguilla');
INSERT INTO `profiles` (`user_id`, `gender`, `birthday`, `city`, `country`) VALUES (100, 'm', '2015-04-06', 'Lake Leonor', 'Mayotte');


#
# TABLE STRUCTURE FOR: users
#

DROP TABLE IF EXISTS `users`;

CREATE TABLE `users` (
  `id` int(10) unsigned NOT NULL AUTO_INCREMENT,
  `first_name` varchar(100) COLLATE utf8_unicode_ci NOT NULL,
  `last_name` varchar(100) COLLATE utf8_unicode_ci NOT NULL,
  `email` varchar(120) COLLATE utf8_unicode_ci NOT NULL,
  `phone` varchar(120) COLLATE utf8_unicode_ci NOT NULL,
  `created_at` datetime DEFAULT current_timestamp(),
  `updated_at` datetime DEFAULT current_timestamp() ON UPDATE current_timestamp(),
  PRIMARY KEY (`id`),
  UNIQUE KEY `email` (`email`),
  UNIQUE KEY `phone` (`phone`)
) ENGINE=InnoDB AUTO_INCREMENT=101 DEFAULT CHARSET=utf8 COLLATE=utf8_unicode_ci;

INSERT INTO `users` (`id`, `first_name`, `last_name`, `email`, `phone`, `created_at`, `updated_at`) VALUES (1, 'Linnea', 'Heidenreich', 'anika.walsh@example.net', '+14(9)8559106127', '2014-02-25 13:48:34', '2015-06-06 12:37:19');
INSERT INTO `users` (`id`, `first_name`, `last_name`, `email`, `phone`, `created_at`, `updated_at`) VALUES (2, 'Alysson', 'Runte', 'kuhlman.rodrick@example.net', '165-568-9212x11557', '2017-09-04 09:57:10', '2014-03-18 16:05:58');
INSERT INTO `users` (`id`, `first_name`, `last_name`, `email`, `phone`, `created_at`, `updated_at`) VALUES (3, 'Luther', 'Ritchie', 'sabryna35@example.com', '(576)732-6005x35837', '2015-03-01 17:03:14', '2016-05-21 08:41:45');
INSERT INTO `users` (`id`, `first_name`, `last_name`, `email`, `phone`, `created_at`, `updated_at`) VALUES (4, 'Ubaldo', 'Littel', 'kuhlman.arianna@example.net', '(333)696-4196x67934', '2010-07-25 01:25:11', '2018-03-26 19:50:27');
INSERT INTO `users` (`id`, `first_name`, `last_name`, `email`, `phone`, `created_at`, `updated_at`) VALUES (5, 'Velda', 'Boehm', 'elangworth@example.com', '583-179-4243', '2013-05-05 20:14:44', '2013-02-24 00:23:55');
INSERT INTO `users` (`id`, `first_name`, `last_name`, `email`, `phone`, `created_at`, `updated_at`) VALUES (6, 'Rogers', 'Nader', 'rolfson.jevon@example.net', '+05(0)0703201243', '2020-03-15 03:02:02', '2017-09-03 03:46:34');
INSERT INTO `users` (`id`, `first_name`, `last_name`, `email`, `phone`, `created_at`, `updated_at`) VALUES (7, 'Brad', 'Grant', 'conner77@example.com', '(578)798-0266', '2017-01-14 16:59:30', '2017-03-16 15:58:59');
INSERT INTO `users` (`id`, `first_name`, `last_name`, `email`, `phone`, `created_at`, `updated_at`) VALUES (8, 'Jerry', 'Erdman', 'foster37@example.net', '+49(9)3126994305', '2011-11-06 09:14:25', '2010-12-12 23:46:32');
INSERT INTO `users` (`id`, `first_name`, `last_name`, `email`, `phone`, `created_at`, `updated_at`) VALUES (9, 'Jamil', 'Bradtke', 'joseph98@example.com', '673.879.0425x00045', '2018-09-29 13:11:06', '2017-11-15 17:55:19');
INSERT INTO `users` (`id`, `first_name`, `last_name`, `email`, `phone`, `created_at`, `updated_at`) VALUES (10, 'Carroll', 'Balistreri', 'metz.halle@example.org', '603.675.9572x076', '2012-04-07 19:42:09', '2019-03-01 18:17:56');
INSERT INTO `users` (`id`, `first_name`, `last_name`, `email`, `phone`, `created_at`, `updated_at`) VALUES (11, 'Sharon', 'Nader', 'kstehr@example.net', '939.612.3083x30233', '2017-11-16 00:26:14', '2016-07-16 18:40:55');
INSERT INTO `users` (`id`, `first_name`, `last_name`, `email`, `phone`, `created_at`, `updated_at`) VALUES (12, 'Deanna', 'Thompson', 'lyric.larkin@example.net', '(607)090-1202', '2014-12-25 23:04:57', '2019-11-07 17:26:17');
INSERT INTO `users` (`id`, `first_name`, `last_name`, `email`, `phone`, `created_at`, `updated_at`) VALUES (13, 'Leif', 'Spencer', 'christopher.jakubowski@example.net', '509.347.5641x0043', '2012-03-03 06:52:01', '2013-11-03 15:09:48');
INSERT INTO `users` (`id`, `first_name`, `last_name`, `email`, `phone`, `created_at`, `updated_at`) VALUES (14, 'Maxine', 'Donnelly', 'rhiannon84@example.com', '804.695.0271', '2012-06-18 09:46:47', '2013-02-15 15:42:21');
INSERT INTO `users` (`id`, `first_name`, `last_name`, `email`, `phone`, `created_at`, `updated_at`) VALUES (15, 'Lyric', 'Bosco', 'fcremin@example.net', '368.143.3361x2027', '2018-07-08 09:41:00', '2020-04-10 13:37:42');
INSERT INTO `users` (`id`, `first_name`, `last_name`, `email`, `phone`, `created_at`, `updated_at`) VALUES (16, 'Abel', 'Towne', 'madyson92@example.com', '+56(2)2108201860', '2014-04-20 18:31:14', '2011-05-14 09:24:49');
INSERT INTO `users` (`id`, `first_name`, `last_name`, `email`, `phone`, `created_at`, `updated_at`) VALUES (17, 'Emmie', 'Hansen', 'khettinger@example.net', '553-077-0996', '2011-06-16 17:57:40', '2011-05-30 16:46:54');
INSERT INTO `users` (`id`, `first_name`, `last_name`, `email`, `phone`, `created_at`, `updated_at`) VALUES (18, 'Bette', 'Lemke', 'armando88@example.net', '1-488-633-8025x335', '2014-09-29 17:29:44', '2014-06-25 11:44:02');
INSERT INTO `users` (`id`, `first_name`, `last_name`, `email`, `phone`, `created_at`, `updated_at`) VALUES (19, 'Presley', 'Bauch', 'gregoria85@example.com', '029.456.7662x0314', '2018-04-18 14:26:58', '2016-09-26 11:52:03');
INSERT INTO `users` (`id`, `first_name`, `last_name`, `email`, `phone`, `created_at`, `updated_at`) VALUES (20, 'Linnie', 'VonRueden', 'ahmed.bartoletti@example.net', '700.438.8359', '2015-03-28 12:58:01', '2014-03-11 11:16:13');
INSERT INTO `users` (`id`, `first_name`, `last_name`, `email`, `phone`, `created_at`, `updated_at`) VALUES (21, 'Leif', 'White', 'reinger.alysson@example.net', '875.011.9403x1497', '2010-06-07 14:32:32', '2012-09-28 13:06:27');
INSERT INTO `users` (`id`, `first_name`, `last_name`, `email`, `phone`, `created_at`, `updated_at`) VALUES (22, 'Berneice', 'O\'Keefe', 'xschaefer@example.org', '951-128-9552', '2014-02-12 01:54:24', '2011-06-11 12:09:09');
INSERT INTO `users` (`id`, `first_name`, `last_name`, `email`, `phone`, `created_at`, `updated_at`) VALUES (23, 'Easton', 'Rosenbaum', 'evans04@example.org', '(961)721-6200x9446', '2014-06-10 02:00:01', '2012-08-27 09:08:13');
INSERT INTO `users` (`id`, `first_name`, `last_name`, `email`, `phone`, `created_at`, `updated_at`) VALUES (24, 'Raina', 'Krajcik', 'dthiel@example.org', '+07(7)4122352782', '2016-10-22 01:17:08', '2014-06-04 13:33:18');
INSERT INTO `users` (`id`, `first_name`, `last_name`, `email`, `phone`, `created_at`, `updated_at`) VALUES (25, 'Avis', 'Will', 'xdurgan@example.org', '+31(3)2243069934', '2017-10-22 14:58:32', '2016-06-13 09:55:18');
INSERT INTO `users` (`id`, `first_name`, `last_name`, `email`, `phone`, `created_at`, `updated_at`) VALUES (26, 'Dangelo', 'Boyer', 'dibbert.minnie@example.com', '(400)743-0777x63737', '2012-09-12 08:30:44', '2017-02-26 02:46:34');
INSERT INTO `users` (`id`, `first_name`, `last_name`, `email`, `phone`, `created_at`, `updated_at`) VALUES (27, 'Jayson', 'Cormier', 'stiedemann.myrtice@example.org', '07132246169', '2010-10-03 07:03:32', '2017-11-24 01:11:15');
INSERT INTO `users` (`id`, `first_name`, `last_name`, `email`, `phone`, `created_at`, `updated_at`) VALUES (28, 'Alejandrin', 'Volkman', 'bode.giuseppe@example.org', '+42(4)9251140792', '2010-11-11 21:00:38', '2019-03-01 17:38:25');
INSERT INTO `users` (`id`, `first_name`, `last_name`, `email`, `phone`, `created_at`, `updated_at`) VALUES (29, 'Don', 'Armstrong', 'lavada49@example.org', '787-763-4006', '2013-06-07 07:58:56', '2010-06-03 15:15:56');
INSERT INTO `users` (`id`, `first_name`, `last_name`, `email`, `phone`, `created_at`, `updated_at`) VALUES (30, 'Holden', 'Gorczany', 'raymundo.wiza@example.com', '06415204862', '2020-02-10 18:05:39', '2013-01-01 08:26:19');
INSERT INTO `users` (`id`, `first_name`, `last_name`, `email`, `phone`, `created_at`, `updated_at`) VALUES (31, 'Anastacio', 'Boehm', 'americo.baumbach@example.net', '(115)882-2702x5163', '2016-06-10 12:58:45', '2017-04-16 08:40:50');
INSERT INTO `users` (`id`, `first_name`, `last_name`, `email`, `phone`, `created_at`, `updated_at`) VALUES (32, 'Manuel', 'Raynor', 'zander12@example.org', '203.932.2772', '2017-04-04 05:26:32', '2017-03-18 17:14:55');
INSERT INTO `users` (`id`, `first_name`, `last_name`, `email`, `phone`, `created_at`, `updated_at`) VALUES (33, 'Leonardo', 'Will', 'joanie25@example.net', '348.900.5532x3624', '2017-03-06 23:37:34', '2011-03-10 00:03:26');
INSERT INTO `users` (`id`, `first_name`, `last_name`, `email`, `phone`, `created_at`, `updated_at`) VALUES (34, 'Anne', 'Turcotte', 'mayert.kennedi@example.org', '04392452916', '2016-01-31 06:10:12', '2015-04-24 02:59:21');
INSERT INTO `users` (`id`, `first_name`, `last_name`, `email`, `phone`, `created_at`, `updated_at`) VALUES (35, 'Henriette', 'Hayes', 'kbartell@example.org', '1-879-788-9735', '2016-09-10 03:32:25', '2013-02-04 00:12:34');
INSERT INTO `users` (`id`, `first_name`, `last_name`, `email`, `phone`, `created_at`, `updated_at`) VALUES (36, 'Desiree', 'Frami', 'johns.tamara@example.com', '1-677-166-4581x7969', '2013-03-09 14:51:45', '2012-09-09 05:42:26');
INSERT INTO `users` (`id`, `first_name`, `last_name`, `email`, `phone`, `created_at`, `updated_at`) VALUES (37, 'Jensen', 'Welch', 'sjacobi@example.net', '410.346.3656x7792', '2015-02-24 03:17:02', '2015-07-04 02:51:45');
INSERT INTO `users` (`id`, `first_name`, `last_name`, `email`, `phone`, `created_at`, `updated_at`) VALUES (38, 'Stacy', 'Ziemann', 'justina86@example.com', '1-266-198-4541x2800', '2018-05-11 12:33:59', '2020-01-21 17:03:16');
INSERT INTO `users` (`id`, `first_name`, `last_name`, `email`, `phone`, `created_at`, `updated_at`) VALUES (39, 'Kareem', 'Crona', 'vrosenbaum@example.org', '(974)921-8402', '2013-06-12 18:45:59', '2014-04-10 23:44:26');
INSERT INTO `users` (`id`, `first_name`, `last_name`, `email`, `phone`, `created_at`, `updated_at`) VALUES (40, 'Rosendo', 'Dach', 'breanna.cummings@example.com', '033.416.1450x344', '2014-10-28 19:56:15', '2017-07-30 08:57:23');
INSERT INTO `users` (`id`, `first_name`, `last_name`, `email`, `phone`, `created_at`, `updated_at`) VALUES (41, 'Bell', 'Connelly', 'brad67@example.org', '462.008.5864', '2015-10-03 05:16:21', '2019-11-01 19:40:59');
INSERT INTO `users` (`id`, `first_name`, `last_name`, `email`, `phone`, `created_at`, `updated_at`) VALUES (42, 'Breana', 'Roberts', 'haag.lowell@example.org', '782-297-9147x962', '2012-07-29 00:35:28', '2012-02-19 00:17:08');
INSERT INTO `users` (`id`, `first_name`, `last_name`, `email`, `phone`, `created_at`, `updated_at`) VALUES (43, 'Anjali', 'Medhurst', 'nolan.gilberto@example.org', '825-647-5309', '2014-02-10 18:29:36', '2012-02-13 00:36:50');
INSERT INTO `users` (`id`, `first_name`, `last_name`, `email`, `phone`, `created_at`, `updated_at`) VALUES (44, 'Matilde', 'Jacobs', 'nhirthe@example.org', '(652)947-9663', '2010-09-24 16:47:00', '2011-06-29 17:14:32');
INSERT INTO `users` (`id`, `first_name`, `last_name`, `email`, `phone`, `created_at`, `updated_at`) VALUES (45, 'Laurel', 'Cartwright', 'zemlak.mavis@example.org', '(294)369-4684x0858', '2014-05-17 13:37:02', '2012-09-03 19:05:08');
INSERT INTO `users` (`id`, `first_name`, `last_name`, `email`, `phone`, `created_at`, `updated_at`) VALUES (46, 'Kamryn', 'Veum', 'burley69@example.com', '531-019-9270x191', '2017-06-15 15:39:47', '2019-12-05 17:54:26');
INSERT INTO `users` (`id`, `first_name`, `last_name`, `email`, `phone`, `created_at`, `updated_at`) VALUES (47, 'Estel', 'Gibson', 'viviane.hartmann@example.org', '1-542-042-2105x573', '2017-08-19 01:40:31', '2010-12-11 12:55:26');
INSERT INTO `users` (`id`, `first_name`, `last_name`, `email`, `phone`, `created_at`, `updated_at`) VALUES (48, 'Luciano', 'Crist', 'jennie.stokes@example.com', '291-333-6479x77489', '2014-06-06 20:56:50', '2017-05-19 22:03:34');
INSERT INTO `users` (`id`, `first_name`, `last_name`, `email`, `phone`, `created_at`, `updated_at`) VALUES (49, 'Gina', 'Fadel', 'angelo.gorczany@example.net', '070-763-8018', '2013-03-12 13:02:00', '2014-03-31 10:43:07');
INSERT INTO `users` (`id`, `first_name`, `last_name`, `email`, `phone`, `created_at`, `updated_at`) VALUES (50, 'Gregoria', 'Altenwerth', 'grath@example.org', '785.156.8448x9510', '2018-05-29 06:40:44', '2020-03-27 17:23:23');
INSERT INTO `users` (`id`, `first_name`, `last_name`, `email`, `phone`, `created_at`, `updated_at`) VALUES (51, 'Roger', 'Hegmann', 'zboncak.reese@example.org', '01643181792', '2015-09-06 16:47:23', '2010-10-28 06:40:54');
INSERT INTO `users` (`id`, `first_name`, `last_name`, `email`, `phone`, `created_at`, `updated_at`) VALUES (52, 'Brandyn', 'Pacocha', 'evans.hegmann@example.net', '1-395-812-2407x947', '2011-06-06 06:11:22', '2012-01-23 08:21:06');
INSERT INTO `users` (`id`, `first_name`, `last_name`, `email`, `phone`, `created_at`, `updated_at`) VALUES (53, 'Maymie', 'Mitchell', 'batz.otho@example.org', '736.407.8508', '2019-05-13 03:53:43', '2011-02-09 23:27:51');
INSERT INTO `users` (`id`, `first_name`, `last_name`, `email`, `phone`, `created_at`, `updated_at`) VALUES (54, 'Clark', 'Schimmel', 'gbatz@example.com', '1-422-042-5186', '2019-08-05 16:11:25', '2019-09-15 04:06:34');
INSERT INTO `users` (`id`, `first_name`, `last_name`, `email`, `phone`, `created_at`, `updated_at`) VALUES (55, 'Amely', 'Thiel', 'hildegard.prohaska@example.net', '00186373992', '2019-12-27 09:04:02', '2016-01-10 20:21:21');
INSERT INTO `users` (`id`, `first_name`, `last_name`, `email`, `phone`, `created_at`, `updated_at`) VALUES (56, 'Khalid', 'Denesik', 'elangworth@example.org', '1-683-582-0972', '2014-02-02 13:51:43', '2013-01-20 19:20:10');
INSERT INTO `users` (`id`, `first_name`, `last_name`, `email`, `phone`, `created_at`, `updated_at`) VALUES (57, 'Elissa', 'Brown', 'timmothy.gleichner@example.com', '05041142413', '2014-04-28 23:34:03', '2017-02-18 12:29:49');
INSERT INTO `users` (`id`, `first_name`, `last_name`, `email`, `phone`, `created_at`, `updated_at`) VALUES (58, 'Edgardo', 'Kerluke', 'bill.runolfsson@example.net', '1-132-331-5976', '2016-05-14 17:09:28', '2018-05-31 18:08:44');
INSERT INTO `users` (`id`, `first_name`, `last_name`, `email`, `phone`, `created_at`, `updated_at`) VALUES (59, 'Rebeka', 'Sporer', 'wilkinson.einar@example.org', '445-252-0051x35988', '2013-07-10 05:18:50', '2012-12-02 08:26:48');
INSERT INTO `users` (`id`, `first_name`, `last_name`, `email`, `phone`, `created_at`, `updated_at`) VALUES (60, 'Virgie', 'Aufderhar', 'gerson.o\'keefe@example.net', '1-219-893-6496x8119', '2012-03-18 21:19:55', '2015-03-16 11:10:17');
INSERT INTO `users` (`id`, `first_name`, `last_name`, `email`, `phone`, `created_at`, `updated_at`) VALUES (61, 'Marisa', 'Muller', 'roberto.prohaska@example.org', '945.707.6003', '2011-07-20 10:32:50', '2019-04-24 03:18:39');
INSERT INTO `users` (`id`, `first_name`, `last_name`, `email`, `phone`, `created_at`, `updated_at`) VALUES (62, 'Friedrich', 'Hand', 'ransom.reichert@example.com', '(384)927-5776x0539', '2015-06-02 05:51:52', '2011-02-15 07:14:36');
INSERT INTO `users` (`id`, `first_name`, `last_name`, `email`, `phone`, `created_at`, `updated_at`) VALUES (63, 'Maureen', 'Keebler', 'solon48@example.net', '(931)773-5619', '2017-02-20 20:31:57', '2016-01-21 05:09:48');
INSERT INTO `users` (`id`, `first_name`, `last_name`, `email`, `phone`, `created_at`, `updated_at`) VALUES (64, 'Meda', 'Emard', 'eerdman@example.com', '565.952.0594x6860', '2010-12-11 22:13:53', '2019-07-28 16:21:34');
INSERT INTO `users` (`id`, `first_name`, `last_name`, `email`, `phone`, `created_at`, `updated_at`) VALUES (65, 'Elvie', 'Hartmann', 'christiansen.julien@example.org', '1-328-340-1718x765', '2015-11-12 00:53:23', '2014-02-24 10:17:30');
INSERT INTO `users` (`id`, `first_name`, `last_name`, `email`, `phone`, `created_at`, `updated_at`) VALUES (66, 'Cesar', 'Daniel', 'conroy.verlie@example.net', '1-026-519-9456x4617', '2018-03-12 01:39:29', '2012-01-15 13:06:37');
INSERT INTO `users` (`id`, `first_name`, `last_name`, `email`, `phone`, `created_at`, `updated_at`) VALUES (67, 'Emilio', 'Dibbert', 'prohaska.blanca@example.net', '471.708.4150x1051', '2019-07-18 19:29:20', '2019-03-22 19:53:02');
INSERT INTO `users` (`id`, `first_name`, `last_name`, `email`, `phone`, `created_at`, `updated_at`) VALUES (68, 'Casimer', 'Reichel', 'alana75@example.net', '855.190.1782x581', '2013-12-08 00:07:26', '2014-10-14 14:56:16');
INSERT INTO `users` (`id`, `first_name`, `last_name`, `email`, `phone`, `created_at`, `updated_at`) VALUES (69, 'Kieran', 'Auer', 'kaylie.marvin@example.org', '412-651-3282x91831', '2015-05-23 15:41:31', '2013-03-28 07:23:03');
INSERT INTO `users` (`id`, `first_name`, `last_name`, `email`, `phone`, `created_at`, `updated_at`) VALUES (70, 'Bernhard', 'Mante', 'babshire@example.net', '1-465-053-9510', '2016-12-27 21:37:37', '2017-06-21 04:19:42');
INSERT INTO `users` (`id`, `first_name`, `last_name`, `email`, `phone`, `created_at`, `updated_at`) VALUES (71, 'Demond', 'Gleichner', 'breichel@example.net', '758-098-3894x7880', '2012-01-30 20:56:29', '2014-08-09 18:02:06');
INSERT INTO `users` (`id`, `first_name`, `last_name`, `email`, `phone`, `created_at`, `updated_at`) VALUES (72, 'Brook', 'Lueilwitz', 'lucy.mosciski@example.net', '897.778.1971', '2019-11-18 04:03:13', '2012-10-28 14:45:56');
INSERT INTO `users` (`id`, `first_name`, `last_name`, `email`, `phone`, `created_at`, `updated_at`) VALUES (73, 'Asia', 'Beahan', 'harvey.eino@example.net', '1-576-523-2950x7147', '2019-10-08 19:52:06', '2016-06-16 01:50:16');
INSERT INTO `users` (`id`, `first_name`, `last_name`, `email`, `phone`, `created_at`, `updated_at`) VALUES (74, 'Barney', 'Huels', 'dakota.padberg@example.net', '(477)093-5773x9821', '2018-04-21 18:37:56', '2010-08-26 09:44:22');
INSERT INTO `users` (`id`, `first_name`, `last_name`, `email`, `phone`, `created_at`, `updated_at`) VALUES (75, 'Gunnar', 'Yundt', 'fkessler@example.com', '+10(6)4239681593', '2013-08-02 02:47:07', '2011-12-30 09:51:06');
INSERT INTO `users` (`id`, `first_name`, `last_name`, `email`, `phone`, `created_at`, `updated_at`) VALUES (76, 'Koby', 'Gusikowski', 'waylon.dooley@example.org', '1-901-417-5152x7829', '2010-05-09 00:46:50', '2015-04-22 23:24:39');
INSERT INTO `users` (`id`, `first_name`, `last_name`, `email`, `phone`, `created_at`, `updated_at`) VALUES (77, 'Asha', 'Goodwin', 'cjones@example.com', '07102780446', '2010-11-13 17:25:49', '2012-10-31 03:36:18');
INSERT INTO `users` (`id`, `first_name`, `last_name`, `email`, `phone`, `created_at`, `updated_at`) VALUES (78, 'Anabelle', 'Bode', 'theodora.schmitt@example.com', '831-125-4340x2299', '2012-10-13 07:32:35', '2019-09-23 11:14:12');
INSERT INTO `users` (`id`, `first_name`, `last_name`, `email`, `phone`, `created_at`, `updated_at`) VALUES (79, 'Herminio', 'Mante', 'jane.aufderhar@example.com', '205-131-5123x500', '2016-07-22 17:10:51', '2014-07-06 13:02:19');
INSERT INTO `users` (`id`, `first_name`, `last_name`, `email`, `phone`, `created_at`, `updated_at`) VALUES (80, 'Theresia', 'Blanda', 'pacocha.isaac@example.com', '438.576.5228x30136', '2010-07-26 08:45:32', '2018-07-24 18:37:10');
INSERT INTO `users` (`id`, `first_name`, `last_name`, `email`, `phone`, `created_at`, `updated_at`) VALUES (81, 'Keegan', 'Reichert', 'volkman.lea@example.net', '911-056-5101', '2018-07-17 19:40:31', '2014-05-16 05:48:21');
INSERT INTO `users` (`id`, `first_name`, `last_name`, `email`, `phone`, `created_at`, `updated_at`) VALUES (82, 'Maida', 'Carter', 'asia37@example.com', '(525)907-0331', '2013-07-05 14:29:15', '2010-08-18 15:34:34');
INSERT INTO `users` (`id`, `first_name`, `last_name`, `email`, `phone`, `created_at`, `updated_at`) VALUES (83, 'Heath', 'Schinner', 'wwalker@example.com', '01655973543', '2016-05-16 02:11:28', '2017-10-31 14:44:33');
INSERT INTO `users` (`id`, `first_name`, `last_name`, `email`, `phone`, `created_at`, `updated_at`) VALUES (84, 'Dorothy', 'Erdman', 'derek63@example.org', '1-041-472-5223', '2015-11-21 02:27:19', '2012-12-16 03:01:23');
INSERT INTO `users` (`id`, `first_name`, `last_name`, `email`, `phone`, `created_at`, `updated_at`) VALUES (85, 'Montana', 'Bernier', 'makenna67@example.net', '936.699.8943x8545', '2017-05-23 21:51:32', '2017-10-20 19:11:05');
INSERT INTO `users` (`id`, `first_name`, `last_name`, `email`, `phone`, `created_at`, `updated_at`) VALUES (86, 'Lottie', 'Windler', 'jules03@example.org', '1-865-958-8657', '2019-10-21 05:16:17', '2014-11-21 03:21:09');
INSERT INTO `users` (`id`, `first_name`, `last_name`, `email`, `phone`, `created_at`, `updated_at`) VALUES (87, 'Ashleigh', 'Legros', 'powlowski.fern@example.net', '949.872.8162x6204', '2016-10-08 15:45:52', '2013-03-27 06:10:16');
INSERT INTO `users` (`id`, `first_name`, `last_name`, `email`, `phone`, `created_at`, `updated_at`) VALUES (88, 'Lamar', 'Volkman', 'kfeil@example.net', '+42(7)2187624855', '2019-04-30 23:36:36', '2018-12-13 15:27:06');
INSERT INTO `users` (`id`, `first_name`, `last_name`, `email`, `phone`, `created_at`, `updated_at`) VALUES (89, 'Sigmund', 'Muller', 'alfred.bartoletti@example.org', '+99(0)1574578472', '2016-03-28 20:57:02', '2019-11-03 13:10:55');
INSERT INTO `users` (`id`, `first_name`, `last_name`, `email`, `phone`, `created_at`, `updated_at`) VALUES (90, 'Stephen', 'White', 'meredith49@example.net', '196-439-2157x56072', '2017-09-29 20:06:55', '2011-03-23 15:47:13');
INSERT INTO `users` (`id`, `first_name`, `last_name`, `email`, `phone`, `created_at`, `updated_at`) VALUES (91, 'Evans', 'Gleichner', 'angeline.dach@example.org', '+66(6)0439689013', '2020-02-03 00:30:11', '2016-01-13 22:25:01');
INSERT INTO `users` (`id`, `first_name`, `last_name`, `email`, `phone`, `created_at`, `updated_at`) VALUES (92, 'Merl', 'Hoppe', 'lhamill@example.com', '677-711-5054', '2015-01-09 00:26:47', '2016-07-16 04:55:45');
INSERT INTO `users` (`id`, `first_name`, `last_name`, `email`, `phone`, `created_at`, `updated_at`) VALUES (93, 'Fermin', 'Tillman', 'kwiza@example.com', '(941)526-7286x9833', '2013-12-21 09:26:39', '2015-08-22 08:53:15');
INSERT INTO `users` (`id`, `first_name`, `last_name`, `email`, `phone`, `created_at`, `updated_at`) VALUES (94, 'Marianne', 'Emmerich', 'ullrich.sandra@example.org', '1-215-788-3864x3551', '2011-12-21 17:12:35', '2014-01-23 00:27:38');
INSERT INTO `users` (`id`, `first_name`, `last_name`, `email`, `phone`, `created_at`, `updated_at`) VALUES (95, 'Rodrick', 'Casper', 'hollis61@example.net', '+66(0)8303683196', '2012-09-29 01:53:14', '2012-12-15 16:27:59');
INSERT INTO `users` (`id`, `first_name`, `last_name`, `email`, `phone`, `created_at`, `updated_at`) VALUES (96, 'Margarette', 'Wiegand', 'oma95@example.org', '280.891.6884x96689', '2018-07-24 19:51:06', '2013-12-28 08:45:23');
INSERT INTO `users` (`id`, `first_name`, `last_name`, `email`, `phone`, `created_at`, `updated_at`) VALUES (97, 'Raymundo', 'Morar', 'juana.brakus@example.net', '09985430981', '2011-04-23 08:11:07', '2014-10-10 13:31:12');
INSERT INTO `users` (`id`, `first_name`, `last_name`, `email`, `phone`, `created_at`, `updated_at`) VALUES (98, 'Bart', 'Orn', 'jack.heaney@example.net', '1-249-988-5449', '2014-10-07 20:34:27', '2017-10-10 06:38:32');
INSERT INTO `users` (`id`, `first_name`, `last_name`, `email`, `phone`, `created_at`, `updated_at`) VALUES (99, 'Lavina', 'Zemlak', 'justina.morar@example.com', '+39(6)1435613257', '2016-07-17 10:44:53', '2012-08-01 12:53:57');
INSERT INTO `users` (`id`, `first_name`, `last_name`, `email`, `phone`, `created_at`, `updated_at`) VALUES (100, 'Thalia', 'Medhurst', 'harris.esther@example.net', '(796)972-7487', '2010-11-02 20:04:49', '2019-04-29 13:36:38');


