-- MySQL dump 10.13  Distrib 5.7.30, for Linux (x86_64)
--
-- Host: localhost    Database: vk
-- ------------------------------------------------------
-- Server version	5.7.30-0ubuntu0.18.04.1

/*!40101 SET @OLD_CHARACTER_SET_CLIENT=@@CHARACTER_SET_CLIENT */;
/*!40101 SET @OLD_CHARACTER_SET_RESULTS=@@CHARACTER_SET_RESULTS */;
/*!40101 SET @OLD_COLLATION_CONNECTION=@@COLLATION_CONNECTION */;
/*!40101 SET NAMES utf8 */;
/*!40103 SET @OLD_TIME_ZONE=@@TIME_ZONE */;
/*!40103 SET TIME_ZONE='+00:00' */;
/*!40014 SET @OLD_UNIQUE_CHECKS=@@UNIQUE_CHECKS, UNIQUE_CHECKS=0 */;
/*!40014 SET @OLD_FOREIGN_KEY_CHECKS=@@FOREIGN_KEY_CHECKS, FOREIGN_KEY_CHECKS=0 */;
/*!40101 SET @OLD_SQL_MODE=@@SQL_MODE, SQL_MODE='NO_AUTO_VALUE_ON_ZERO' */;
/*!40111 SET @OLD_SQL_NOTES=@@SQL_NOTES, SQL_NOTES=0 */;

--
-- Table structure for table `communities`
--

DROP TABLE IF EXISTS `communities`;
/*!40101 SET @saved_cs_client     = @@character_set_client */;
/*!40101 SET character_set_client = utf8 */;
CREATE TABLE `communities` (
  `id` int(10) unsigned NOT NULL AUTO_INCREMENT,
  `name` varchar(150) COLLATE utf8_unicode_ci NOT NULL,
  PRIMARY KEY (`id`),
  UNIQUE KEY `name` (`name`)
) ENGINE=InnoDB AUTO_INCREMENT=21 DEFAULT CHARSET=utf8 COLLATE=utf8_unicode_ci;
/*!40101 SET character_set_client = @saved_cs_client */;

--
-- Dumping data for table `communities`
--

LOCK TABLES `communities` WRITE;
/*!40000 ALTER TABLE `communities` DISABLE KEYS */;
INSERT INTO `communities` VALUES (7,'aperiam'),(16,'aut'),(17,'autem'),(3,'et'),(4,'explicabo'),(15,'facilis'),(9,'ipsum'),(5,'maxime'),(11,'minus'),(1,'molestiae'),(2,'provident'),(13,'qui'),(18,'quidem'),(14,'quis'),(20,'quisquam'),(10,'quos'),(8,'rerum'),(12,'sit'),(6,'vel'),(19,'voluptatum');
/*!40000 ALTER TABLE `communities` ENABLE KEYS */;
UNLOCK TABLES;

--
-- Table structure for table `communities_users`
--

DROP TABLE IF EXISTS `communities_users`;
/*!40101 SET @saved_cs_client     = @@character_set_client */;
/*!40101 SET character_set_client = utf8 */;
CREATE TABLE `communities_users` (
  `community_id` int(10) unsigned NOT NULL,
  `user_id` int(10) unsigned NOT NULL,
  PRIMARY KEY (`community_id`,`user_id`),
  KEY `community_user_id_fk` (`user_id`),
  CONSTRAINT `community_id_fk` FOREIGN KEY (`community_id`) REFERENCES `communities` (`id`),
  CONSTRAINT `community_user_id_fk` FOREIGN KEY (`user_id`) REFERENCES `users` (`id`)
) ENGINE=InnoDB DEFAULT CHARSET=utf8 COLLATE=utf8_unicode_ci;
/*!40101 SET character_set_client = @saved_cs_client */;

--
-- Dumping data for table `communities_users`
--

LOCK TABLES `communities_users` WRITE;
/*!40000 ALTER TABLE `communities_users` DISABLE KEYS */;
INSERT INTO `communities_users` VALUES (3,2),(10,2),(16,2),(12,6),(4,7),(8,7),(20,7),(8,8),(4,10),(15,10),(13,11),(14,11),(6,13),(11,14),(2,16),(15,16),(9,19),(3,21),(12,25),(4,27),(3,30),(6,30),(8,30),(2,31),(15,31),(6,33),(18,33),(3,34),(12,35),(5,37),(16,39),(5,40),(20,40),(6,41),(7,41),(1,44),(7,44),(20,44),(12,45),(3,46),(15,46),(5,47),(10,47),(2,48),(13,48),(15,48),(6,49),(15,49),(2,53),(4,53),(18,53),(12,54),(1,55),(12,55),(13,55),(3,58),(19,58),(3,59),(10,59),(18,59),(6,60),(13,61),(17,62),(14,63),(14,64),(6,66),(13,66),(1,69),(6,72),(13,73),(9,74),(12,74),(17,74),(7,75),(10,75),(3,76),(16,76),(12,78),(13,79),(10,80),(19,80),(16,82),(3,84),(10,84),(3,85),(5,85),(5,89),(10,89),(17,89),(3,90),(12,90),(3,93),(9,93),(4,94),(18,95),(19,96),(12,97),(2,98),(6,98),(8,99);
/*!40000 ALTER TABLE `communities_users` ENABLE KEYS */;
UNLOCK TABLES;

--
-- Table structure for table `friendship`
--

DROP TABLE IF EXISTS `friendship`;
/*!40101 SET @saved_cs_client     = @@character_set_client */;
/*!40101 SET character_set_client = utf8 */;
CREATE TABLE `friendship` (
  `user_id` int(10) unsigned NOT NULL,
  `friend_id` int(10) unsigned NOT NULL,
  `status_id` int(10) unsigned NOT NULL,
  `requested_at` datetime DEFAULT CURRENT_TIMESTAMP,
  `confirmed_at` datetime DEFAULT NULL,
  PRIMARY KEY (`user_id`,`friend_id`)
) ENGINE=InnoDB DEFAULT CHARSET=utf8 COLLATE=utf8_unicode_ci;
/*!40101 SET character_set_client = @saved_cs_client */;

--
-- Dumping data for table `friendship`
--

LOCK TABLES `friendship` WRITE;
/*!40000 ALTER TABLE `friendship` DISABLE KEYS */;
INSERT INTO `friendship` VALUES (1,158,1,'2011-06-04 12:08:20','2017-10-21 10:45:57'),(4,187,3,'2018-12-10 04:02:06','2013-01-03 21:56:45'),(4,195,3,'2017-09-07 02:30:34','2012-02-21 14:10:59'),(8,137,2,'2012-08-07 16:08:40','2014-07-20 18:03:44'),(10,60,2,'2010-10-18 12:17:21','2020-02-28 15:40:02'),(15,192,1,'2011-06-22 22:17:21','2017-01-16 08:17:39'),(16,107,1,'2019-05-13 22:43:16','2012-12-25 12:57:07'),(21,46,2,'2010-05-12 16:24:18','2014-02-13 04:11:06'),(22,69,3,'2013-08-02 04:38:30','2019-12-09 14:42:20'),(25,16,1,'2013-09-01 17:00:44','2019-11-11 12:27:06'),(26,167,1,'2017-12-16 10:05:40','2015-05-29 09:54:59'),(28,73,2,'2019-08-04 10:20:30','2015-09-13 06:35:42'),(29,167,1,'2016-07-04 01:30:13','2018-08-28 18:34:54'),(30,57,2,'2019-11-20 14:58:05','2011-02-27 21:10:25'),(32,29,2,'2019-01-14 09:34:19','2019-01-13 10:46:14'),(35,63,3,'2015-11-25 12:41:22','2013-03-22 03:31:59'),(36,168,1,'2010-07-24 19:47:27','2012-10-04 19:02:44'),(40,176,2,'2019-08-17 04:48:35','2012-03-25 21:23:04'),(41,82,2,'2019-01-16 15:46:53','2014-06-21 10:28:12'),(42,19,2,'2013-07-08 23:44:50','2012-08-17 23:09:03'),(42,84,3,'2016-05-07 09:39:03','2010-05-17 08:43:05'),(43,88,3,'2013-08-17 21:25:55','2011-04-07 21:16:54'),(45,64,3,'2018-01-04 16:14:43','2012-06-04 13:19:29'),(48,153,3,'2017-12-02 15:33:22','2012-08-10 19:30:07'),(49,80,3,'2013-07-22 06:29:29','2011-08-05 20:49:33'),(49,129,2,'2013-04-01 05:42:50','2017-05-15 13:08:25'),(52,18,3,'2014-10-12 01:11:40','2012-09-17 17:40:52'),(57,43,3,'2016-02-16 22:57:24','2014-06-01 12:51:52'),(60,88,1,'2013-02-13 06:33:55','2010-08-01 07:19:41'),(61,33,3,'2019-03-21 08:28:10','2020-04-16 13:52:37'),(62,44,2,'2010-12-03 08:51:36','2011-11-23 04:43:23'),(63,161,2,'2017-02-20 16:56:58','2014-07-19 19:21:34'),(66,24,2,'2011-12-24 10:06:59','2020-01-12 12:31:28'),(68,23,3,'2012-12-02 21:42:39','2017-04-14 20:43:22'),(71,172,3,'2018-06-07 14:46:41','2015-11-25 23:54:07'),(73,53,3,'2013-03-29 20:07:21','2012-06-28 07:24:30'),(73,187,2,'2015-03-26 23:30:35','2014-08-06 16:40:08'),(75,170,1,'2013-05-06 23:29:07','2018-10-23 23:45:40'),(79,30,2,'2016-07-11 17:57:11','2016-04-30 03:54:41'),(81,185,1,'2012-03-07 14:09:59','2020-04-07 05:48:28'),(82,55,2,'2010-12-17 06:48:19','2014-02-17 11:32:07'),(82,167,2,'2018-06-14 00:46:20','2019-06-17 23:18:43'),(84,11,1,'2019-05-06 01:04:39','2011-02-21 11:35:53'),(84,147,1,'2013-10-21 19:46:19','2014-07-27 03:53:22'),(85,105,1,'2018-02-10 21:19:01','2018-03-19 05:12:34'),(86,45,3,'2020-02-04 18:12:17','2020-03-13 00:47:29'),(86,184,2,'2018-11-29 22:16:25','2013-03-06 01:08:14'),(87,12,3,'2017-07-08 22:50:20','2011-11-09 09:46:09'),(91,5,2,'2016-03-07 18:11:24','2019-04-24 01:07:49'),(95,96,1,'2013-02-02 17:37:43','2012-10-15 01:01:15'),(95,116,1,'2012-06-04 20:32:01','2012-12-01 13:39:27'),(95,124,2,'2018-02-12 09:39:16','2016-11-23 03:33:48'),(98,100,3,'2010-08-23 08:59:27','2019-07-03 01:23:53'),(99,97,3,'2016-06-12 20:07:44','2012-07-17 20:44:28'),(102,142,3,'2017-05-31 05:36:34','2014-04-20 04:46:02'),(111,91,3,'2011-08-26 21:00:29','2011-12-04 21:11:30'),(112,91,2,'2012-11-06 16:16:21','2011-11-07 07:09:41'),(112,126,2,'2019-01-25 22:40:35','2017-11-13 12:57:45'),(113,191,1,'2011-12-05 07:36:19','2014-04-11 18:55:16'),(114,80,1,'2017-06-19 03:45:49','2010-05-09 09:14:25'),(115,11,3,'2013-05-10 03:36:45','2012-05-31 20:25:04'),(119,121,3,'2018-08-14 05:57:02','2016-12-04 09:44:34'),(120,40,2,'2018-10-06 10:16:23','2013-02-28 18:53:27'),(120,127,2,'2010-06-03 10:47:46','2018-07-23 03:19:57'),(121,133,2,'2019-01-23 07:44:04','2016-11-05 14:57:46'),(122,42,3,'2011-10-11 02:42:59','2017-01-25 04:50:22'),(130,164,2,'2018-12-13 04:22:01','2012-12-30 06:59:50'),(131,150,3,'2018-11-26 20:11:36','2013-05-22 00:44:51'),(131,198,1,'2017-06-30 00:50:53','2020-04-14 05:11:43'),(137,28,2,'2016-06-10 01:09:41','2015-04-20 03:00:55'),(138,118,3,'2014-12-26 02:07:29','2013-03-21 19:10:41'),(138,170,2,'2015-10-01 09:57:26','2012-12-14 03:41:22'),(140,141,3,'2017-08-11 22:17:23','2014-10-23 07:16:52'),(145,24,2,'2017-01-13 01:44:41','2014-12-07 19:39:13'),(151,138,2,'2017-10-29 01:43:30','2010-12-31 22:07:19'),(154,40,2,'2014-06-30 20:43:22','2018-02-24 18:45:16'),(154,69,3,'2011-11-12 01:48:36','2012-11-05 12:21:53'),(157,133,1,'2020-02-19 17:38:41','2017-09-11 23:14:45'),(158,63,1,'2016-07-15 10:06:05','2013-07-19 15:41:10'),(162,23,2,'2011-12-14 06:24:36','2012-12-21 23:21:43'),(165,85,2,'2018-01-23 23:31:47','2019-10-02 18:47:52'),(167,100,3,'2017-12-08 13:39:58','2015-05-14 11:07:58'),(169,187,2,'2012-06-17 04:59:06','2018-03-12 19:16:52'),(175,121,1,'2015-06-13 07:32:46','2012-08-26 00:22:51'),(178,193,2,'2012-06-21 13:45:23','2018-11-04 23:37:16'),(184,128,2,'2014-05-21 23:35:25','2013-04-17 05:56:18'),(186,56,3,'2017-11-08 12:27:15','2018-10-18 23:41:54'),(189,52,1,'2018-08-27 06:10:30','2020-04-17 00:33:59'),(192,55,1,'2015-03-31 13:57:26','2017-10-05 05:35:30'),(193,169,2,'2019-02-23 07:20:00','2017-09-18 14:27:42'),(193,196,2,'2018-03-08 08:02:14','2014-12-15 22:12:49'),(194,81,1,'2019-11-11 17:30:48','2012-03-31 08:07:46'),(194,171,3,'2012-08-27 02:18:20','2018-05-19 07:41:04'),(196,186,2,'2020-01-01 13:40:54','2015-05-06 01:52:49'),(198,91,1,'2018-02-16 22:53:24','2018-05-10 01:32:54'),(198,109,1,'2012-01-22 17:25:59','2012-04-12 08:33:20'),(199,8,2,'2018-12-11 03:05:43','2018-06-27 13:30:53'),(199,159,2,'2018-01-21 16:57:37','2013-09-26 05:09:25'),(199,198,1,'2018-05-09 03:53:49','2013-03-20 11:34:29');
/*!40000 ALTER TABLE `friendship` ENABLE KEYS */;
UNLOCK TABLES;

--
-- Table structure for table `friendship_statuses`
--

DROP TABLE IF EXISTS `friendship_statuses`;
/*!40101 SET @saved_cs_client     = @@character_set_client */;
/*!40101 SET character_set_client = utf8 */;
CREATE TABLE `friendship_statuses` (
  `id` int(10) unsigned NOT NULL AUTO_INCREMENT,
  `name` varchar(150) COLLATE utf8_unicode_ci NOT NULL,
  PRIMARY KEY (`id`),
  UNIQUE KEY `name` (`name`)
) ENGINE=InnoDB AUTO_INCREMENT=4 DEFAULT CHARSET=utf8 COLLATE=utf8_unicode_ci;
/*!40101 SET character_set_client = @saved_cs_client */;

--
-- Dumping data for table `friendship_statuses`
--

LOCK TABLES `friendship_statuses` WRITE;
/*!40000 ALTER TABLE `friendship_statuses` DISABLE KEYS */;
INSERT INTO `friendship_statuses` VALUES (2,'Confirmed'),(3,'Rejected'),(1,'Requested');
/*!40000 ALTER TABLE `friendship_statuses` ENABLE KEYS */;
UNLOCK TABLES;

--
-- Table structure for table `likes`
--

DROP TABLE IF EXISTS `likes`;
/*!40101 SET @saved_cs_client     = @@character_set_client */;
/*!40101 SET character_set_client = utf8 */;
CREATE TABLE `likes` (
  `id` int(10) unsigned NOT NULL AUTO_INCREMENT,
  `user_id` int(10) unsigned NOT NULL,
  `target_id` int(10) unsigned NOT NULL,
  `target_type_id` int(10) unsigned NOT NULL,
  `created_at` datetime DEFAULT CURRENT_TIMESTAMP,
  PRIMARY KEY (`id`),
  KEY `like_initiator_id_fk` (`user_id`),
  KEY `like_reciver_id_fk` (`target_id`),
  KEY `target_type_id_fk` (`target_type_id`),
  CONSTRAINT `like_initiator_id_fk` FOREIGN KEY (`user_id`) REFERENCES `users` (`id`),
  CONSTRAINT `like_reciver_id_fk` FOREIGN KEY (`target_id`) REFERENCES `users` (`id`),
  CONSTRAINT `target_type_id_fk` FOREIGN KEY (`target_type_id`) REFERENCES `target_types` (`id`)
) ENGINE=InnoDB AUTO_INCREMENT=101 DEFAULT CHARSET=latin1;
/*!40101 SET character_set_client = @saved_cs_client */;

--
-- Dumping data for table `likes`
--

LOCK TABLES `likes` WRITE;
/*!40000 ALTER TABLE `likes` DISABLE KEYS */;
INSERT INTO `likes` VALUES (1,78,70,1,'2020-05-07 19:12:51'),(2,58,51,4,'2020-05-07 19:12:51'),(3,35,42,1,'2020-05-07 19:12:51'),(4,100,85,1,'2020-05-07 19:12:51'),(5,64,47,2,'2020-05-07 19:12:51'),(6,67,8,2,'2020-05-07 19:12:51'),(7,76,60,3,'2020-05-07 19:12:51'),(8,71,45,1,'2020-05-07 19:12:51'),(9,26,90,3,'2020-05-07 19:12:51'),(10,2,87,2,'2020-05-07 19:12:51'),(11,77,100,3,'2020-05-07 19:12:51'),(12,44,13,2,'2020-05-07 19:12:51'),(13,21,7,3,'2020-05-07 19:12:51'),(14,33,54,3,'2020-05-07 19:12:51'),(15,85,18,2,'2020-05-07 19:12:51'),(16,6,33,2,'2020-05-07 19:12:51'),(17,39,53,2,'2020-05-07 19:12:51'),(18,71,15,3,'2020-05-07 19:12:51'),(19,74,77,3,'2020-05-07 19:12:51'),(20,86,37,2,'2020-05-07 19:12:51'),(21,32,71,3,'2020-05-07 19:12:51'),(22,91,71,4,'2020-05-07 19:12:51'),(23,99,48,2,'2020-05-07 19:12:51'),(24,57,66,3,'2020-05-07 19:12:51'),(25,87,65,3,'2020-05-07 19:12:51'),(26,22,16,1,'2020-05-07 19:12:51'),(27,34,20,4,'2020-05-07 19:12:51'),(28,28,44,2,'2020-05-07 19:12:51'),(29,53,54,1,'2020-05-07 19:12:51'),(30,79,73,1,'2020-05-07 19:12:51'),(31,100,27,2,'2020-05-07 19:12:51'),(32,6,14,3,'2020-05-07 19:12:51'),(33,31,88,2,'2020-05-07 19:12:51'),(34,67,97,4,'2020-05-07 19:12:51'),(35,27,83,2,'2020-05-07 19:12:51'),(36,9,52,2,'2020-05-07 19:12:51'),(37,7,38,3,'2020-05-07 19:12:51'),(38,13,69,1,'2020-05-07 19:12:51'),(39,24,99,1,'2020-05-07 19:12:51'),(40,21,31,4,'2020-05-07 19:12:51'),(41,79,12,1,'2020-05-07 19:12:51'),(42,67,72,3,'2020-05-07 19:12:51'),(43,87,52,4,'2020-05-07 19:12:51'),(44,40,2,4,'2020-05-07 19:12:51'),(45,31,91,3,'2020-05-07 19:12:51'),(46,41,17,3,'2020-05-07 19:12:51'),(47,50,71,1,'2020-05-07 19:12:51'),(48,94,67,2,'2020-05-07 19:12:51'),(49,49,93,1,'2020-05-07 19:12:51'),(50,11,1,3,'2020-05-07 19:12:51'),(51,53,52,4,'2020-05-07 19:12:51'),(52,32,66,2,'2020-05-07 19:12:51'),(53,72,56,3,'2020-05-07 19:12:51'),(54,58,92,4,'2020-05-07 19:12:51'),(55,57,25,3,'2020-05-07 19:12:51'),(56,86,72,1,'2020-05-07 19:12:51'),(57,88,38,2,'2020-05-07 19:12:51'),(58,13,89,1,'2020-05-07 19:12:51'),(59,62,90,3,'2020-05-07 19:12:51'),(60,42,24,4,'2020-05-07 19:12:51'),(61,89,66,3,'2020-05-07 19:12:51'),(62,16,93,1,'2020-05-07 19:12:51'),(63,89,4,3,'2020-05-07 19:12:51'),(64,54,10,4,'2020-05-07 19:12:51'),(65,8,75,3,'2020-05-07 19:12:51'),(66,32,4,1,'2020-05-07 19:12:51'),(67,13,87,4,'2020-05-07 19:12:51'),(68,21,14,1,'2020-05-07 19:12:51'),(69,96,57,4,'2020-05-07 19:12:51'),(70,100,19,4,'2020-05-07 19:12:51'),(71,3,37,4,'2020-05-07 19:12:51'),(72,78,55,2,'2020-05-07 19:12:51'),(73,45,96,2,'2020-05-07 19:12:51'),(74,34,37,4,'2020-05-07 19:12:51'),(75,2,61,4,'2020-05-07 19:12:51'),(76,16,80,2,'2020-05-07 19:12:51'),(77,11,3,4,'2020-05-07 19:12:51'),(78,3,67,1,'2020-05-07 19:12:51'),(79,19,21,3,'2020-05-07 19:12:51'),(80,88,88,4,'2020-05-07 19:12:51'),(81,16,51,1,'2020-05-07 19:12:51'),(82,80,78,2,'2020-05-07 19:12:51'),(83,17,33,1,'2020-05-07 19:12:51'),(84,72,18,3,'2020-05-07 19:12:51'),(85,16,55,2,'2020-05-07 19:12:51'),(86,70,69,2,'2020-05-07 19:12:51'),(87,61,3,2,'2020-05-07 19:12:51'),(88,52,63,3,'2020-05-07 19:12:51'),(89,93,95,4,'2020-05-07 19:12:51'),(90,94,83,2,'2020-05-07 19:12:51'),(91,7,42,4,'2020-05-07 19:12:51'),(92,13,99,3,'2020-05-07 19:12:51'),(93,81,36,2,'2020-05-07 19:12:51'),(94,84,3,3,'2020-05-07 19:12:51'),(95,8,49,1,'2020-05-07 19:12:51'),(96,58,26,3,'2020-05-07 19:12:51'),(97,4,50,2,'2020-05-07 19:12:51'),(98,26,25,2,'2020-05-07 19:12:51'),(99,51,21,2,'2020-05-07 19:12:51'),(100,78,47,1,'2020-05-07 19:12:51');
/*!40000 ALTER TABLE `likes` ENABLE KEYS */;
UNLOCK TABLES;

--
-- Table structure for table `media`
--

DROP TABLE IF EXISTS `media`;
/*!40101 SET @saved_cs_client     = @@character_set_client */;
/*!40101 SET character_set_client = utf8 */;
CREATE TABLE `media` (
  `id` int(10) unsigned NOT NULL AUTO_INCREMENT,
  `media_type_id` int(10) unsigned NOT NULL,
  `user_id` int(10) unsigned NOT NULL,
  `filename` varchar(255) COLLATE utf8_unicode_ci NOT NULL,
  `size` int(11) NOT NULL,
  `metadata` json DEFAULT NULL,
  `created_at` datetime DEFAULT CURRENT_TIMESTAMP,
  `updated_at` datetime DEFAULT CURRENT_TIMESTAMP ON UPDATE CURRENT_TIMESTAMP,
  PRIMARY KEY (`id`),
  KEY `media_type_id_fk` (`media_type_id`),
  KEY `media_owner_user_id_fk` (`user_id`),
  CONSTRAINT `media_owner_user_id_fk` FOREIGN KEY (`user_id`) REFERENCES `users` (`id`),
  CONSTRAINT `media_type_id_fk` FOREIGN KEY (`media_type_id`) REFERENCES `media_types` (`id`)
) ENGINE=InnoDB AUTO_INCREMENT=101 DEFAULT CHARSET=utf8 COLLATE=utf8_unicode_ci;
/*!40101 SET character_set_client = @saved_cs_client */;

--
-- Dumping data for table `media`
--

LOCK TABLES `media` WRITE;
/*!40000 ALTER TABLE `media` DISABLE KEYS */;
INSERT INTO `media` VALUES (1,3,21,'https://dropbox/vk/quaerat.jpeg',1593,'{\"owner\": \"Leif White\"}','2016-11-15 21:49:23','2020-05-11 18:44:17'),(2,2,93,'https://dropbox/vk/quis.avi',718879,'{\"owner\": \"Fermin Tillman\"}','2017-12-10 16:24:11','2020-05-11 18:44:17'),(3,1,98,'https://dropbox/vk/minima.avi',274031,'{\"owner\": \"Bart Orn\"}','2018-02-17 16:46:14','2020-05-11 18:44:17'),(4,3,13,'https://dropbox/vk/minima.jpeg',1113,'{\"owner\": \"Leif Spencer\"}','2010-06-09 11:07:46','2020-05-11 18:44:17'),(5,2,69,'https://dropbox/vk/reiciendis.avi',1959,'{\"owner\": \"Kieran Auer\"}','2019-09-09 03:56:23','2020-05-11 18:44:17'),(6,2,7,'https://dropbox/vk/laboriosam.png',203518,'{\"owner\": \"Brad Grant\"}','2019-09-07 22:02:28','2020-05-11 18:44:17'),(7,2,27,'https://dropbox/vk/eveniet.avi',1452,'{\"owner\": \"Jayson Cormier\"}','2015-05-21 01:05:52','2020-05-11 18:44:17'),(8,3,12,'https://dropbox/vk/nesciunt.png',185499,'{\"owner\": \"Deanna Thompson\"}','2012-04-28 00:24:29','2020-05-11 18:44:17'),(9,1,80,'https://dropbox/vk/maxime.jpeg',306943,'{\"owner\": \"Theresia Blanda\"}','2013-11-08 08:02:59','2020-05-11 18:44:17'),(10,1,65,'https://dropbox/vk/rerum.jpeg',1457,'{\"owner\": \"Elvie Hartmann\"}','2011-08-06 15:50:27','2020-05-11 18:44:17'),(11,1,82,'https://dropbox/vk/debitis.mprg',968217,'{\"owner\": \"Maida Carter\"}','2014-05-06 13:47:46','2020-05-11 18:44:17'),(12,1,14,'https://dropbox/vk/voluptatem.mprg',910256,'{\"owner\": \"Maxine Donnelly\"}','2011-03-15 23:23:21','2020-05-11 18:44:17'),(13,2,24,'https://dropbox/vk/eum.mprg',1370,'{\"owner\": \"Raina Krajcik\"}','2016-11-05 06:40:35','2020-05-11 18:44:17'),(14,3,76,'https://dropbox/vk/impedit.jpeg',636630,'{\"owner\": \"Koby Gusikowski\"}','2019-10-14 02:55:08','2020-05-11 18:44:17'),(15,1,8,'https://dropbox/vk/consequatur.png',442384,'{\"owner\": \"Jerry Erdman\"}','2012-04-21 21:26:18','2020-05-11 18:44:17'),(16,3,13,'https://dropbox/vk/et.png',292030,'{\"owner\": \"Leif Spencer\"}','2011-06-01 01:37:13','2020-05-11 18:44:17'),(17,2,39,'https://dropbox/vk/at.jpeg',1459,'{\"owner\": \"Kareem Crona\"}','2015-03-25 04:51:19','2020-05-11 18:44:17'),(18,1,55,'https://dropbox/vk/unde.jpeg',1117,'{\"owner\": \"Amely Thiel\"}','2015-04-06 15:50:30','2020-05-11 18:44:17'),(19,3,56,'https://dropbox/vk/aut.jpeg',1824,'{\"owner\": \"Khalid Denesik\"}','2011-02-27 03:18:00','2020-05-11 18:44:17'),(20,1,18,'https://dropbox/vk/dolores.png',122997,'{\"owner\": \"Bette Lemke\"}','2015-10-12 02:13:43','2020-05-11 18:44:17'),(21,1,20,'https://dropbox/vk/ullam.avi',1695,'{\"owner\": \"Linnie VonRueden\"}','2014-12-05 12:50:43','2020-05-11 18:44:17'),(22,1,45,'https://dropbox/vk/rerum.mprg',1240,'{\"owner\": \"Laurel Cartwright\"}','2019-12-31 05:02:23','2020-05-11 18:44:17'),(23,2,63,'https://dropbox/vk/et.png',728897,'{\"owner\": \"Maureen Keebler\"}','2014-11-20 12:34:38','2020-05-11 18:44:17'),(24,1,83,'https://dropbox/vk/molestiae.png',1052,'{\"owner\": \"Heath Schinner\"}','2015-12-07 17:03:45','2020-05-11 18:44:17'),(25,3,22,'https://dropbox/vk/molestiae.avi',1786,'{\"owner\": \"Berneice O\'Keefe\"}','2015-08-22 22:25:54','2020-05-11 18:44:17'),(26,1,64,'https://dropbox/vk/cum.mprg',265496,'{\"owner\": \"Meda Emard\"}','2012-04-19 19:30:34','2020-05-11 18:44:17'),(27,2,51,'https://dropbox/vk/consequatur.jpeg',1528,'{\"owner\": \"Roger Hegmann\"}','2016-03-10 23:11:23','2020-05-11 18:44:17'),(28,1,61,'https://dropbox/vk/autem.png',1968,'{\"owner\": \"Marisa Muller\"}','2014-07-17 10:05:07','2020-05-11 18:44:17'),(29,2,54,'https://dropbox/vk/repudiandae.mprg',1042,'{\"owner\": \"Clark Schimmel\"}','2017-07-19 18:44:51','2020-05-11 18:44:17'),(30,2,87,'https://dropbox/vk/tempora.jpeg',1366,'{\"owner\": \"Ashleigh Legros\"}','2015-12-07 00:54:18','2020-05-11 18:44:17'),(31,2,72,'https://dropbox/vk/in.mprg',1341,'{\"owner\": \"Brook Lueilwitz\"}','2018-04-04 18:05:20','2020-05-11 18:44:17'),(32,1,99,'https://dropbox/vk/ratione.avi',1058,'{\"owner\": \"Lavina Zemlak\"}','2018-10-27 04:23:11','2020-05-11 18:44:17'),(33,1,78,'https://dropbox/vk/sapiente.jpeg',1134,'{\"owner\": \"Anabelle Bode\"}','2019-09-14 14:32:39','2020-05-11 18:44:17'),(34,3,95,'https://dropbox/vk/nemo.mprg',130787,'{\"owner\": \"Rodrick Casper\"}','2013-08-20 17:57:57','2020-05-11 18:44:17'),(35,3,37,'https://dropbox/vk/qui.jpeg',1025,'{\"owner\": \"Jensen Welch\"}','2020-03-09 20:36:28','2020-05-11 18:44:17'),(36,1,1,'https://dropbox/vk/quia.jpeg',847450,'{\"owner\": \"Linnea Heidenreich\"}','2018-06-16 15:16:18','2020-05-11 18:44:17'),(37,3,93,'https://dropbox/vk/corrupti.png',834887,'{\"owner\": \"Fermin Tillman\"}','2013-12-23 23:34:42','2020-05-11 18:44:17'),(38,2,63,'https://dropbox/vk/quo.mprg',1521,'{\"owner\": \"Maureen Keebler\"}','2010-10-06 03:23:44','2020-05-11 18:44:17'),(39,3,33,'https://dropbox/vk/minima.jpeg',1107,'{\"owner\": \"Leonardo Will\"}','2011-06-02 00:09:38','2020-05-11 18:44:17'),(40,2,77,'https://dropbox/vk/voluptatem.png',1136,'{\"owner\": \"Asha Goodwin\"}','2013-05-25 02:15:06','2020-05-11 18:44:17'),(41,2,84,'https://dropbox/vk/saepe.png',1838,'{\"owner\": \"Dorothy Erdman\"}','2018-01-21 00:39:57','2020-05-11 18:44:17'),(42,1,91,'https://dropbox/vk/id.mprg',1246,'{\"owner\": \"Evans Gleichner\"}','2018-10-04 18:31:03','2020-05-11 18:44:17'),(43,3,1,'https://dropbox/vk/dolores.mprg',622088,'{\"owner\": \"Linnea Heidenreich\"}','2018-05-15 07:53:10','2020-05-11 18:44:17'),(44,2,31,'https://dropbox/vk/est.mprg',595779,'{\"owner\": \"Anastacio Boehm\"}','2013-09-20 02:43:32','2020-05-11 18:44:17'),(45,2,54,'https://dropbox/vk/in.png',102633,'{\"owner\": \"Clark Schimmel\"}','2011-12-24 12:30:54','2020-05-11 18:44:17'),(46,1,73,'https://dropbox/vk/voluptatem.jpeg',715825,'{\"owner\": \"Asia Beahan\"}','2012-12-06 08:36:23','2020-05-11 18:44:17'),(47,2,6,'https://dropbox/vk/excepturi.avi',1118,'{\"owner\": \"Rogers Nader\"}','2015-11-20 20:28:13','2020-05-11 18:44:17'),(48,1,7,'https://dropbox/vk/et.png',261230,'{\"owner\": \"Brad Grant\"}','2010-09-30 12:43:50','2020-05-11 18:44:17'),(49,2,20,'https://dropbox/vk/nulla.avi',1613,'{\"owner\": \"Linnie VonRueden\"}','2011-01-26 04:50:32','2020-05-11 18:44:17'),(50,1,75,'https://dropbox/vk/vel.png',1116,'{\"owner\": \"Gunnar Yundt\"}','2014-08-06 06:37:29','2020-05-11 18:44:17'),(51,1,16,'https://dropbox/vk/consequatur.mprg',1299,'{\"owner\": \"Abel Towne\"}','2016-12-04 07:59:10','2020-05-11 18:44:17'),(52,2,55,'https://dropbox/vk/dolores.mprg',148673,'{\"owner\": \"Amely Thiel\"}','2016-09-21 17:07:03','2020-05-11 18:44:17'),(53,1,25,'https://dropbox/vk/eaque.mprg',949676,'{\"owner\": \"Avis Will\"}','2017-05-29 12:28:18','2020-05-11 18:44:17'),(54,3,60,'https://dropbox/vk/et.png',1711,'{\"owner\": \"Virgie Aufderhar\"}','2011-04-08 03:21:05','2020-05-11 18:44:17'),(55,2,24,'https://dropbox/vk/laborum.jpeg',292361,'{\"owner\": \"Raina Krajcik\"}','2011-02-25 04:13:55','2020-05-11 18:44:17'),(56,1,42,'https://dropbox/vk/saepe.avi',1274,'{\"owner\": \"Breana Roberts\"}','2018-10-18 03:53:57','2020-05-11 18:44:17'),(57,3,34,'https://dropbox/vk/dicta.jpeg',602777,'{\"owner\": \"Anne Turcotte\"}','2019-12-02 15:04:18','2020-05-11 18:44:17'),(58,3,45,'https://dropbox/vk/soluta.mprg',126804,'{\"owner\": \"Laurel Cartwright\"}','2012-09-10 16:33:24','2020-05-11 18:44:17'),(59,2,25,'https://dropbox/vk/assumenda.jpeg',1315,'{\"owner\": \"Avis Will\"}','2016-06-11 01:35:18','2020-05-11 18:44:17'),(60,3,86,'https://dropbox/vk/quia.png',815687,'{\"owner\": \"Lottie Windler\"}','2010-09-16 05:33:16','2020-05-11 18:44:17'),(61,3,54,'https://dropbox/vk/maxime.png',688026,'{\"owner\": \"Clark Schimmel\"}','2012-10-01 08:12:23','2020-05-11 18:44:17'),(62,3,14,'https://dropbox/vk/qui.avi',1019,'{\"owner\": \"Maxine Donnelly\"}','2013-07-14 06:49:15','2020-05-11 18:44:17'),(63,3,7,'https://dropbox/vk/tenetur.png',983069,'{\"owner\": \"Brad Grant\"}','2016-03-17 07:49:01','2020-05-11 18:44:17'),(64,2,94,'https://dropbox/vk/et.mprg',841266,'{\"owner\": \"Marianne Emmerich\"}','2013-01-14 19:55:23','2020-05-11 18:44:17'),(65,1,45,'https://dropbox/vk/cumque.jpeg',1790,'{\"owner\": \"Laurel Cartwright\"}','2015-11-09 19:21:46','2020-05-11 18:44:17'),(66,2,45,'https://dropbox/vk/deserunt.jpeg',1683,'{\"owner\": \"Laurel Cartwright\"}','2017-06-02 00:08:02','2020-05-11 18:44:17'),(67,1,88,'https://dropbox/vk/magnam.mprg',247126,'{\"owner\": \"Lamar Volkman\"}','2019-09-08 00:06:21','2020-05-11 18:44:17'),(68,1,4,'https://dropbox/vk/dolorum.png',701831,'{\"owner\": \"Ubaldo Littel\"}','2016-01-24 17:29:02','2020-05-11 18:44:17'),(69,2,56,'https://dropbox/vk/repellendus.png',757778,'{\"owner\": \"Khalid Denesik\"}','2014-08-14 20:01:50','2020-05-11 18:44:17'),(70,1,70,'https://dropbox/vk/qui.jpeg',673397,'{\"owner\": \"Bernhard Mante\"}','2016-01-27 19:35:45','2020-05-11 18:44:17'),(71,2,79,'https://dropbox/vk/repellat.jpeg',1177,'{\"owner\": \"Herminio Mante\"}','2017-11-04 13:39:19','2020-05-11 18:44:17'),(72,3,84,'https://dropbox/vk/illum.mprg',83653,'{\"owner\": \"Dorothy Erdman\"}','2014-07-28 23:02:40','2020-05-11 18:44:17'),(73,2,82,'https://dropbox/vk/cupiditate.mprg',1143,'{\"owner\": \"Maida Carter\"}','2011-07-14 05:45:06','2020-05-11 18:44:17'),(74,3,59,'https://dropbox/vk/et.png',1657,'{\"owner\": \"Rebeka Sporer\"}','2015-09-29 03:45:46','2020-05-11 18:44:17'),(75,1,48,'https://dropbox/vk/laboriosam.avi',1923,'{\"owner\": \"Luciano Crist\"}','2013-03-22 05:20:53','2020-05-11 18:44:17'),(76,2,64,'https://dropbox/vk/commodi.png',1243,'{\"owner\": \"Meda Emard\"}','2017-01-06 12:49:21','2020-05-11 18:44:17'),(77,2,75,'https://dropbox/vk/non.jpeg',388075,'{\"owner\": \"Gunnar Yundt\"}','2016-05-19 20:52:15','2020-05-11 18:44:17'),(78,1,82,'https://dropbox/vk/laudantium.png',679417,'{\"owner\": \"Maida Carter\"}','2014-11-20 15:43:35','2020-05-11 18:44:17'),(79,1,86,'https://dropbox/vk/est.mprg',1956,'{\"owner\": \"Lottie Windler\"}','2011-03-06 03:49:31','2020-05-11 18:44:17'),(80,3,82,'https://dropbox/vk/autem.avi',222859,'{\"owner\": \"Maida Carter\"}','2020-03-29 07:33:00','2020-05-11 18:44:17'),(81,2,53,'https://dropbox/vk/et.mprg',1705,'{\"owner\": \"Maymie Mitchell\"}','2012-02-16 11:01:31','2020-05-11 18:44:17'),(82,1,19,'https://dropbox/vk/reprehenderit.png',66046,'{\"owner\": \"Presley Bauch\"}','2013-06-13 00:56:55','2020-05-11 18:44:17'),(83,1,36,'https://dropbox/vk/consequatur.jpeg',1254,'{\"owner\": \"Desiree Frami\"}','2018-01-15 16:22:17','2020-05-11 18:44:17'),(84,2,23,'https://dropbox/vk/quasi.jpeg',1120,'{\"owner\": \"Easton Rosenbaum\"}','2018-09-22 19:18:06','2020-05-11 18:44:17'),(85,1,6,'https://dropbox/vk/ad.avi',651654,'{\"owner\": \"Rogers Nader\"}','2011-12-14 18:36:35','2020-05-11 18:44:17'),(86,3,60,'https://dropbox/vk/consequatur.avi',1020,'{\"owner\": \"Virgie Aufderhar\"}','2014-06-07 10:57:35','2020-05-11 18:44:17'),(87,2,83,'https://dropbox/vk/voluptas.mprg',1865,'{\"owner\": \"Heath Schinner\"}','2019-03-21 07:30:53','2020-05-11 18:44:17'),(88,2,33,'https://dropbox/vk/ullam.avi',50130,'{\"owner\": \"Leonardo Will\"}','2016-10-25 15:50:56','2020-05-11 18:44:17'),(89,2,17,'https://dropbox/vk/aut.jpeg',285692,'{\"owner\": \"Emmie Hansen\"}','2016-12-11 03:20:28','2020-05-11 18:44:17'),(90,1,83,'https://dropbox/vk/enim.png',268068,'{\"owner\": \"Heath Schinner\"}','2010-09-12 23:12:53','2020-05-11 18:44:17'),(91,2,66,'https://dropbox/vk/ut.png',1225,'{\"owner\": \"Cesar Daniel\"}','2019-11-18 01:29:02','2020-05-11 18:44:17'),(92,1,79,'https://dropbox/vk/accusamus.png',473264,'{\"owner\": \"Herminio Mante\"}','2012-07-27 15:56:42','2020-05-11 18:44:17'),(93,3,97,'https://dropbox/vk/quidem.jpeg',552119,'{\"owner\": \"Raymundo Morar\"}','2011-11-08 06:56:28','2020-05-11 18:44:17'),(94,1,46,'https://dropbox/vk/perspiciatis.mprg',1933,'{\"owner\": \"Kamryn Veum\"}','2013-02-23 23:27:26','2020-05-11 18:44:17'),(95,1,39,'https://dropbox/vk/et.jpeg',1042,'{\"owner\": \"Kareem Crona\"}','2012-04-15 01:31:03','2020-05-11 18:44:17'),(96,3,57,'https://dropbox/vk/ex.png',1966,'{\"owner\": \"Elissa Brown\"}','2010-06-28 13:15:15','2020-05-11 18:44:17'),(97,1,69,'https://dropbox/vk/sit.png',330804,'{\"owner\": \"Kieran Auer\"}','2017-08-27 07:09:22','2020-05-11 18:44:17'),(98,2,74,'https://dropbox/vk/eum.jpeg',1339,'{\"owner\": \"Barney Huels\"}','2018-07-04 20:53:39','2020-05-11 18:44:17'),(99,2,61,'https://dropbox/vk/consequatur.jpeg',1585,'{\"owner\": \"Marisa Muller\"}','2014-04-23 16:14:09','2020-05-11 18:44:17'),(100,1,81,'https://dropbox/vk/rerum.png',1579,'{\"owner\": \"Keegan Reichert\"}','2020-03-25 14:13:06','2020-05-11 18:44:17');
/*!40000 ALTER TABLE `media` ENABLE KEYS */;
UNLOCK TABLES;

--
-- Table structure for table `media_types`
--

DROP TABLE IF EXISTS `media_types`;
/*!40101 SET @saved_cs_client     = @@character_set_client */;
/*!40101 SET character_set_client = utf8 */;
CREATE TABLE `media_types` (
  `id` int(10) unsigned NOT NULL AUTO_INCREMENT,
  `name` varchar(255) COLLATE utf8_unicode_ci NOT NULL,
  PRIMARY KEY (`id`),
  UNIQUE KEY `name` (`name`)
) ENGINE=InnoDB AUTO_INCREMENT=4 DEFAULT CHARSET=utf8 COLLATE=utf8_unicode_ci;
/*!40101 SET character_set_client = @saved_cs_client */;

--
-- Dumping data for table `media_types`
--

LOCK TABLES `media_types` WRITE;
/*!40000 ALTER TABLE `media_types` DISABLE KEYS */;
INSERT INTO `media_types` VALUES (3,'audio'),(1,'photo'),(2,'video');
/*!40000 ALTER TABLE `media_types` ENABLE KEYS */;
UNLOCK TABLES;

--
-- Table structure for table `messages`
--

DROP TABLE IF EXISTS `messages`;
/*!40101 SET @saved_cs_client     = @@character_set_client */;
/*!40101 SET character_set_client = utf8 */;
CREATE TABLE `messages` (
  `id` int(10) unsigned NOT NULL AUTO_INCREMENT,
  `from_user_id` int(10) unsigned NOT NULL,
  `to_user_id` int(10) unsigned DEFAULT NULL,
  `community_id` int(10) unsigned DEFAULT NULL,
  `body` text COLLATE utf8_unicode_ci NOT NULL,
  `is_important` tinyint(1) DEFAULT NULL,
  `is_delivered` tinyint(1) DEFAULT NULL,
  `created_at` datetime DEFAULT CURRENT_TIMESTAMP,
  PRIMARY KEY (`id`),
  KEY `messages_from_user_id_fk` (`from_user_id`),
  KEY `messages_to_user_id_fk` (`to_user_id`),
  CONSTRAINT `messages_from_user_id_fk` FOREIGN KEY (`from_user_id`) REFERENCES `users` (`id`),
  CONSTRAINT `messages_to_user_id_fk` FOREIGN KEY (`to_user_id`) REFERENCES `users` (`id`)
) ENGINE=InnoDB AUTO_INCREMENT=101 DEFAULT CHARSET=utf8 COLLATE=utf8_unicode_ci;
/*!40101 SET character_set_client = @saved_cs_client */;

--
-- Dumping data for table `messages`
--

LOCK TABLES `messages` WRITE;
/*!40000 ALTER TABLE `messages` DISABLE KEYS */;
INSERT INTO `messages` VALUES (1,78,8,NULL,'Beautiful, beautiful Soup! Beau--ootiful Soo--oop! Soo--oop of the singers in the other: the only difficulty was, that you weren\'t to talk about her repeating \'YOU ARE OLD, FATHER WILLIAM,\' to the.',1,1,'2015-05-04 16:19:10'),(2,93,69,NULL,'I\'ll have you executed, whether you\'re nervous or not.\' \'I\'m a poor man,\' the Hatter said, tossing his head mournfully. \'Not I!\' said the Queen said to herself. \'Of the mushroom,\' said the Gryphon.',1,0,'2019-09-15 03:37:34'),(3,30,18,NULL,'Alice, who felt ready to sink into the air. Even the Duchess said to Alice, and her eyes anxiously fixed on it, for she had been all the rest of it had gone. \'Well! I\'ve often seen a cat without a.',1,1,'2016-02-25 22:08:28'),(4,74,86,NULL,'Hatter instead!\' CHAPTER VII. A Mad Tea-Party There was nothing on it except a tiny little thing!\' said the youth, \'and your jaws are too weak For anything tougher than suet; Yet you finished the.',0,1,'2011-08-31 18:37:42'),(5,77,72,NULL,'What made you so awfully clever?\' \'I have answered three questions, and that in the long hall, and close to the Dormouse, not choosing to notice this last remark, \'it\'s a vegetable. It doesn\'t look.',0,0,'2016-01-16 17:37:46'),(6,61,3,NULL,'Turtle.\' These words were followed by a row of lamps hanging from the shock of being such a fall as this, I shall only look up and bawled out, \"He\'s murdering the time! Off with his head!\"\' \'How.',0,0,'2012-05-06 11:50:27'),(7,76,98,NULL,'Alice thought decidedly uncivil. \'But perhaps it was talking in a sort of lullaby to it as far as they used to it as far as they came nearer, Alice could hear the Rabbit noticed Alice, as she swam.',0,1,'2012-09-13 22:07:14'),(8,97,80,NULL,'I\'m certain! I must have been a holiday?\' \'Of course twinkling begins with an M--\' \'Why with an important air, \'are you all ready? This is the same size: to be true): If she should push the matter.',0,1,'2013-12-24 17:08:17'),(9,55,7,NULL,'Hatter, \'or you\'ll be telling me next that you had been for some way of escape, and wondering whether she could see, when she was shrinking rapidly; so she began thinking over other children she.',1,1,'2017-05-31 13:40:22'),(10,82,93,NULL,'Mock Turtle sang this, very slowly and sadly:-- \'\"Will you walk a little before she found herself in Wonderland, though she felt a very difficult question. However, at last turned sulky, and would.',0,1,'2019-02-09 14:42:04'),(11,47,42,NULL,'She had already heard her voice close to the confused clamour of the evening, beautiful Soup! \'Beautiful Soup! Who cares for fish, Game, or any other dish? Who would not open any of them. \'I\'m sure.',0,0,'2017-02-24 22:22:29'),(12,87,33,NULL,'It means much the most interesting, and perhaps after all it might belong to one of the tail, and ending with the tea,\' the March Hare. \'Then it ought to have him with them,\' the Mock Turtle in the.',0,1,'2010-05-05 16:02:05'),(13,94,38,NULL,'Gryphon. \'It all came different!\' Alice replied in an encouraging tone. Alice looked all round the table, but it makes me grow large again, for this curious child was very like a serpent. She had.',1,1,'2011-06-14 03:40:26'),(14,7,92,NULL,'She took down a good deal on where you want to get hold of its mouth and yawned once or twice she had got so close to her to speak with. Alice waited till she got to the jury, in a trembling voice.',1,1,'2019-05-11 13:39:31'),(15,53,44,NULL,'Alice, that she was quite silent for a baby: altogether Alice did not notice this question, but hurriedly went on, \'\"--found it advisable to go down the chimney!\' \'Oh! So Bill\'s got the other--Bill!.',1,1,'2010-12-15 21:07:52'),(16,45,44,NULL,'I should frighten them out with his head!\' or \'Off with their fur clinging close to her: its face to see if she were looking up into the garden, and I could not stand, and she looked down at her own.',1,1,'2019-12-19 04:46:49'),(17,65,87,NULL,'An obstacle that came between Him, and ourselves, and it. Don\'t let him know she liked them best, For this must be the right thing to eat or drink something or other; but the great hall, with the.',1,0,'2018-01-26 13:37:52'),(18,90,1,NULL,'Alice, very much confused, \'I don\'t believe you do either!\' And the muscular strength, which it gave to my right size: the next moment she felt a little feeble, squeaking voice, (\'That\'s Bill,\'.',1,0,'2011-08-16 13:57:46'),(19,56,45,NULL,'Alice to herself. Imagine her surprise, when the tide rises and sharks are around, His voice has a timid voice at her for a minute or two the Caterpillar seemed to be a lesson to you never even.',0,1,'2011-02-12 05:20:20'),(20,6,22,NULL,'Queen, who were all shaped like the tone of great relief. \'Now at OURS they had to double themselves up and to wonder what Latitude was, or Longitude either, but thought they were filled with.',0,1,'2015-12-21 23:02:46'),(21,65,73,NULL,'White Rabbit cried out, \'Silence in the back. At last the Gryphon at the Hatter, and he went on, looking anxiously about her. \'Oh, do let me hear the very tones of her ever getting out of a book,\'.',1,0,'2019-12-31 03:37:57'),(22,4,100,NULL,'Canary called out as loud as she did not get hold of its mouth, and addressed her in such long ringlets, and mine doesn\'t go in ringlets at all; and I\'m sure she\'s the best plan.\' It sounded an.',0,1,'2011-02-14 15:15:29'),(23,25,80,NULL,'Duchess, it had grown so large a house, that she was as steady as ever; Yet you balanced an eel on the spot.\' This did not look at the Queen, pointing to the heads of the trees had a wink of sleep.',1,0,'2013-12-19 00:09:11'),(24,12,1,NULL,'White Rabbit, with a shiver. \'I beg your pardon!\' she exclaimed in a solemn tone, only changing the order of the Gryphon, and the sound of many footsteps, and Alice could see, when she went on.',0,1,'2011-12-14 21:52:56'),(25,86,62,NULL,'MINE,\' said the King, rubbing his hands; \'so now let the Dormouse said--\' the Hatter asked triumphantly. Alice did not at all fairly,\' Alice began, in a hurry to get in?\' asked Alice again, in a.',0,1,'2013-06-10 05:28:02'),(26,94,7,NULL,'TWO little shrieks, and more faintly came, carried on the other bit. Her chin was pressed so closely against her foot, that there ought! And when I breathe\"!\' \'It IS the use of a good deal.',1,0,'2017-08-18 01:15:36'),(27,11,51,NULL,'But, now that I\'m doubtful about the whiting!\' \'Oh, as to go among mad people,\' Alice remarked. \'Oh, you foolish Alice!\' she answered herself. \'How can you learn lessons in here? Why, there\'s hardly.',0,1,'2019-02-23 13:16:35'),(28,71,30,NULL,'And she\'s such a capital one for catching mice you can\'t be civil, you\'d better leave off,\' said the Gryphon. \'Of course,\' the Dodo replied very politely, \'for I never was so full of tears, until.',0,1,'2011-01-01 15:06:57'),(29,23,98,NULL,'Alice asked in a low voice, to the baby, and not to be a lesson to you how the Dodo had paused as if he were trying which word sounded best. Some of the treat. When the sands are all pardoned.\'.',1,1,'2017-01-06 22:45:10'),(30,1,1,NULL,'The Mouse did not appear, and after a pause: \'the reason is, that there\'s any one of them with one finger; and the procession came opposite to Alice, they all quarrel so dreadfully one can\'t hear.',0,0,'2013-03-22 21:16:00'),(31,36,10,NULL,'Mock Turtle recovered his voice, and, with tears again as she went nearer to make herself useful, and looking anxiously about her. \'Oh, do let me help to undo it!\' \'I shall sit here,\' he said,.',0,1,'2016-11-10 22:47:50'),(32,76,46,NULL,'Off with his head!\' or \'Off with her head! Off--\' \'Nonsense!\' said Alice, as she stood looking at it uneasily, shaking it every now and then added them up, and began bowing to the jury. \'Not yet,.',1,1,'2013-06-19 07:12:11'),(33,70,100,NULL,'VERY unpleasant state of mind, she turned away. \'Come back!\' the Caterpillar seemed to Alice as she could, \'If you can\'t take more.\' \'You mean you can\'t swim, can you?\' he added, turning to Alice,.',1,0,'2013-03-27 17:43:59'),(34,21,61,NULL,'If I or she fell past it. \'Well!\' thought Alice to herself. \'Of the mushroom,\' said the Cat went on, taking first one side and up the fan and gloves--that is, if I can reach the key; and if the Mock.',1,0,'2014-07-29 12:55:41'),(35,98,5,NULL,'Alice, a little pattering of footsteps in the middle. Alice kept her waiting!\' Alice felt dreadfully puzzled. The Hatter\'s remark seemed to be lost: away went Alice like the largest telescope that.',1,0,'2014-03-22 13:53:16'),(36,23,40,NULL,'Gryphon went on eagerly. \'That\'s enough about lessons,\' the Gryphon answered, very nearly in the distance, and she thought it had lost something; and she jumped up and leave the court; but on the.',1,0,'2014-07-29 17:29:29'),(37,22,87,NULL,'CHAPTER VI. Pig and Pepper For a minute or two she stood still where she was appealed to by the officers of the Lizard\'s slate-pencil, and the three were all in bed!\' On various pretexts they all.',0,0,'2014-09-10 20:29:34'),(38,40,15,NULL,'King. \'It began with the Mouse had changed his mind, and was looking down at her side. She was walking hand in hand with Dinah, and saying \"Come up again, dear!\" I shall have to fly; and the little.',1,0,'2014-02-24 19:48:47'),(39,33,11,NULL,'Just at this corner--No, tie \'em together first--they don\'t reach half high enough yet--Oh! they\'ll do well enough; don\'t be nervous, or I\'ll have you executed.\' The miserable Hatter dropped his.',0,0,'2019-07-03 02:25:21'),(40,43,13,NULL,'Alice had learnt several things of this ointment--one shilling the box-- Allow me to sell you a couple?\' \'You are old,\' said the Queen. First came ten soldiers carrying clubs; these were ornamented.',0,0,'2013-05-24 09:08:53'),(41,17,28,NULL,'Caterpillar seemed to listen, the whole she thought to herself, as she could do, lying down on one knee as he spoke, and added with a sigh: \'it\'s always tea-time, and we\'ve no time she\'d have.',1,0,'2020-01-30 22:28:33'),(42,54,1,NULL,'Alice. \'Of course they were\', said the Lory hastily. \'I thought it over here,\' said the Duchess; \'and the moral of that is--\"The more there is of yours.\"\' \'Oh, I BEG your pardon!\' she exclaimed in a.',0,1,'2019-11-19 14:41:44'),(43,19,22,NULL,'Duchess: you\'d better ask HER about it.\' \'She\'s in prison,\' the Queen had ordered. They very soon finished it off. \'If everybody minded their own business!\' \'Ah, well! It means much the same thing.',0,1,'2012-03-09 07:07:47'),(44,32,6,NULL,'I hadn\'t mentioned Dinah!\' she said to herself; \'the March Hare will be the use of a muchness?\' \'Really, now you ask me,\' said Alice, \'and if it began ordering people about like mad things all this.',0,0,'2013-01-29 17:05:25'),(45,3,62,NULL,'But do cats eat bats?\' and sometimes, \'Do bats eat cats?\' for, you see, as they would call after her: the last few minutes, and began whistling. \'Oh, there\'s no meaning in them, after all. I needn\'t.',0,1,'2016-10-15 23:44:42'),(46,17,90,NULL,'TRUE--\" that\'s the jury, of course--\"I GAVE HER ONE, THEY GAVE HIM TWO--\" why, that must be a grin, and she went nearer to make it stop. \'Well, I\'d hardly finished the first sentence in her hands,.',0,1,'2013-03-23 18:18:28'),(47,77,67,NULL,'Mock Turtle yet?\' \'No,\' said the Hatter. \'Nor I,\' said the King, with an anxious look at me like that!\' By this time she went on: \'But why did they draw the treacle from?\' \'You can draw water out of.',0,1,'2019-04-15 23:23:31'),(48,34,61,NULL,'THAT. Then again--\"BEFORE SHE HAD THIS FIT--\" you never even introduced to a farmer, you know, as we needn\'t try to find herself talking familiarly with them, as if his heart would break. She pitied.',0,1,'2014-10-27 00:22:03'),(49,40,6,2,'Alice to herself, \'it would have made a rush at Alice for protection. \'You shan\'t be able! I shall ever see such a thing before, and behind it, it occurred to her feet, they seemed to listen, the.',0,1,'2018-06-04 18:20:32'),(50,96,47,NULL,'HEARTHRUG, NEAR THE FENDER, (WITH ALICE\'S LOVE). Oh dear, what nonsense I\'m talking!\' Just then she remembered how small she was in the distance. \'Come on!\' and ran the faster, while more and more.',1,0,'2016-04-30 20:31:37'),(51,61,16,NULL,'WAS a curious croquet-ground in her pocket, and was surprised to see if she did not come the same year for such a thing as a cushion, resting their elbows on it, and found that, as nearly as large.',0,0,'2013-11-13 23:39:16'),(52,15,38,NULL,'Cat. \'--so long as it is.\' \'Then you may nurse it a violent shake at the mushroom (she had kept a piece of bread-and-butter in the pictures of him), while the Mouse was bristling all over, and she.',0,1,'2015-09-18 11:08:08'),(53,91,42,NULL,'Alice waited till she had to double themselves up and down in a sulky tone, as it left no mark on the top with its arms folded, frowning like a wild beast, screamed \'Off with her head!\' the Queen.',0,0,'2017-08-02 08:52:43'),(54,8,93,NULL,'Duck and a piece of rudeness was more and more puzzled, but she was now about a whiting to a lobster--\' (Alice began to repeat it, when a cry of \'The trial\'s beginning!\' was heard in the distance,.',1,1,'2010-07-17 10:38:05'),(55,69,42,NULL,'CHORUS. (In which the wretched Hatter trembled so, that he shook both his shoes on. \'--and just take his head contemptuously. \'I dare say you\'re wondering why I don\'t want to stay with it as you.',0,1,'2010-09-06 09:46:07'),(56,21,30,NULL,'Alice indignantly, and she had been to a shriek, \'and just as I tell you, you coward!\' and at once to eat or drink anything; so I\'ll just see what I say--that\'s the same thing with you,\' said the.',1,0,'2016-07-11 22:32:34'),(57,95,22,NULL,'Hatter grumbled: \'you shouldn\'t have put it right; \'not that it had grown up,\' she said to the law, And argued each case with my wife; And the moral of that is--\"Oh, \'tis love, that makes them.',1,0,'2011-08-18 04:33:47'),(58,13,20,NULL,'Alice herself, and fanned herself with one finger, as he spoke, and then said \'The fourth.\' \'Two days wrong!\' sighed the Lory, who at last she spread out her hand, watching the setting sun, and.',0,1,'2017-09-14 04:40:10'),(59,81,34,NULL,'Alice panted as she did so, and were quite dry again, the Dodo suddenly called out as loud as she stood still where she was, and waited. When the Mouse was bristling all over, and both creatures hid.',0,0,'2010-05-25 04:21:33'),(60,63,8,NULL,'Do come back with the game,\' the Queen never left off quarrelling with the next witness would be quite as safe to stay in here any longer!\' She waited for a few yards off. The Cat seemed to be.',1,0,'2017-03-03 18:37:11'),(61,75,36,NULL,'Alice. \'Nothing,\' said Alice. \'Why, SHE,\' said the Queen. \'Can you play croquet?\' The soldiers were silent, and looked along the passage into the sea, though you mayn\'t believe it--\' \'I never saw.',1,0,'2015-06-22 22:19:07'),(62,82,59,NULL,'You see the Queen. \'Their heads are gone, if it wasn\'t very civil of you to learn?\' \'Well, there was no one else seemed inclined to say a word, but slowly followed her back to the beginning again?\'.',0,0,'2010-12-28 06:19:43'),(63,84,86,NULL,'YOU manage?\' Alice asked. The Hatter opened his eyes. \'I wasn\'t asleep,\' he said in an angry voice--the Rabbit\'s--\'Pat! Pat! Where are you?\' said Alice, (she had grown to her in a moment to be two.',0,1,'2010-06-13 20:36:31'),(64,74,52,NULL,'Duchess: you\'d better finish the story for yourself.\' \'No, please go on!\' Alice said to herself, \'I wish the creatures argue. It\'s enough to try the patience of an oyster!\' \'I wish I hadn\'t.',1,0,'2018-08-02 20:41:10'),(65,18,3,NULL,'At last the Mock Turtle; \'but it doesn\'t understand English,\' thought Alice; \'but a grin without a grin,\' thought Alice; but she could have been a holiday?\' \'Of course you know that cats COULD.',1,1,'2016-11-09 23:38:36'),(66,66,56,NULL,'Alice, in a wondering tone. \'Why, what a delightful thing a bit!\' said the Gryphon. \'Well, I shan\'t grow any more--As it is, I suppose?\' said Alice. \'Then you keep moving round, I suppose?\' \'Yes,\'.',1,0,'2011-04-17 11:52:32'),(67,75,72,NULL,'ME, and told me he was obliged to say \'Drink me,\' but the Mouse in the lap of her childhood: and how she would get up and down looking for eggs, as it went. So she began: \'O Mouse, do you know about.',1,1,'2015-02-18 07:22:57'),(68,76,93,NULL,'I can\'t take LESS,\' said the Mock Turtle went on, very much what would happen next. First, she tried her best to climb up one of the Lobster; I heard him declare, \"You have baked me too brown, I.',0,1,'2018-03-05 12:53:22'),(69,55,48,NULL,'OF ITS WAISTCOAT-POCKET, and looked very anxiously into her face, with such a thing as \"I sleep when I got up in her life; it was quite surprised to find herself talking familiarly with them, as if.',1,0,'2016-02-07 01:05:17'),(70,46,58,NULL,'King; \'and don\'t look at me like that!\' \'I couldn\'t help it,\' she said to herself as she could not stand, and she felt that she had never been so much frightened that she tipped over the fire,.',0,0,'2012-04-16 23:03:53'),(71,67,48,NULL,'Gryphon. \'I\'ve forgotten the words.\' So they had to kneel down on her lap as if nothing had happened. \'How am I to do it.\' (And, as you might like to show you! A little bright-eyed terrier, you.',0,0,'2011-02-22 09:45:58'),(72,96,64,NULL,'Alice, and she swam lazily about in all their simple sorrows, and find a thing,\' said the cook. The King and Queen of Hearts were seated on their throne when they met in the kitchen. \'When I\'M a.',1,0,'2012-03-15 04:24:40'),(73,77,77,NULL,'Alice said very humbly; \'I won\'t interrupt again. I dare say you never had fits, my dear, YOU must cross-examine THIS witness.\' \'Well, if I was, I shouldn\'t like THAT!\' \'Oh, you foolish Alice!\' she.',1,0,'2018-07-15 11:20:35'),(74,98,91,NULL,'Alice looked up, and began by taking the little golden key and hurried off to trouble myself about you: you must manage the best thing to eat or drink under the circumstances. There was a very.',1,0,'2016-04-02 20:28:03'),(75,57,26,NULL,'I then? Tell me that first, and then, and holding it to be sure; but I think that there was no more of the cattle in the same thing as \"I get what I was thinking I should be free of them say, \'Look.',0,1,'2018-07-24 01:04:43'),(76,92,54,NULL,'WHAT things?\' said the Dodo, \'the best way to change the subject,\' the March Hare. Alice sighed wearily. \'I think you could manage it?) \'And what an ignorant little girl she\'ll think me at home!.',0,0,'2013-12-11 01:35:26'),(77,89,92,NULL,'Gryphon. \'How the creatures argue. It\'s enough to drive one crazy!\' The Footman seemed to be managed? I suppose Dinah\'ll be sending me on messages next!\' And she squeezed herself up on to her in.',0,1,'2010-09-13 17:28:14'),(78,66,100,NULL,'The Queen turned crimson with fury, and, after waiting till she was holding, and she went on, spreading out the answer to shillings and pence. \'Take off your hat,\' the King had said that day. \'A.',1,1,'2012-05-01 17:14:13'),(79,62,20,NULL,'THAT direction,\' the Cat in a tone of great curiosity. \'Soles and eels, of course,\' the Dodo could not stand, and she did not see anything that had fluttered down from the sky! Ugh, Serpent!\' \'But.',0,0,'2016-10-22 11:58:44'),(80,14,100,NULL,'And the muscular strength, which it gave to my boy, I beat him when he sneezes: He only does it to be seen: she found a little pattering of feet on the bank--the birds with draggled feathers, the.',1,0,'2016-02-21 17:19:39'),(81,80,42,NULL,'Hatter went on in a soothing tone: \'don\'t be angry about it. And yet I wish you wouldn\'t mind,\' said Alice: \'besides, that\'s not a regular rule: you invented it just now.\' \'It\'s the first verse,\'.',0,1,'2019-01-14 17:02:47'),(82,61,7,NULL,'Alice, \'how am I to do that,\' said the Dodo. Then they all crowded together at one corner of it: \'No room! No room!\' they cried out when they saw Alice coming. \'There\'s PLENTY of room!\' said Alice.',1,0,'2012-12-06 01:33:22'),(83,65,9,NULL,'Alice was only the pepper that had made out what it was: she was exactly the right thing to nurse--and she\'s such a very short time the Queen to play croquet.\' The Frog-Footman repeated, in the.',1,0,'2013-10-18 23:57:29'),(84,39,23,NULL,'Footman. \'That\'s the reason so many different sizes in a languid, sleepy voice. \'Who are YOU?\' Which brought them back again to the porpoise, \"Keep back, please: we don\'t want to go! Let me see:.',1,1,'2014-05-04 12:52:09'),(85,100,88,NULL,'The Cat seemed to be no chance of her little sister\'s dream. The long grass rustled at her feet in a natural way again. \'I should like to be Number One,\' said Alice. \'Why, there they are!\' said the.',0,1,'2016-05-09 15:29:42'),(86,85,72,NULL,'Dormouse, who seemed to Alice with one foot. \'Get up!\' said the King. \'Nothing whatever,\' said Alice. \'Of course it was,\' said the Caterpillar. \'I\'m afraid I\'ve offended it again!\' For the Mouse.',0,1,'2017-02-13 03:01:13'),(87,22,96,NULL,'There was a large caterpillar, that was trickling down his cheeks, he went on saying to her chin in salt water. Her first idea was that you had been anything near the right distance--but then I.',1,0,'2013-04-07 16:13:28'),(88,54,63,NULL,'Alice; \'I might as well wait, as she was quite silent for a minute or two, it was just possible it had come to the fifth bend, I think?\' he said to the conclusion that it felt quite relieved to see.',1,0,'2016-01-22 21:47:33'),(89,6,25,NULL,'I hadn\'t to bring but one; Bill\'s got the other--Bill! fetch it back!\' \'And who is to find quite a crowd of little Alice was so much contradicted in her hand, and Alice was silent. The King laid his.',1,0,'2019-04-11 16:09:16'),(90,67,38,NULL,'I hadn\'t quite finished my tea when I grow at a reasonable pace,\' said the Hatter. \'It isn\'t directed at all,\' said the Caterpillar. Alice folded her hands, wondering if anything would EVER happen.',1,0,'2014-08-28 03:42:25'),(91,17,13,NULL,'Alice desperately: \'he\'s perfectly idiotic!\' And she squeezed herself up closer to Alice\'s great surprise, the Duchess\'s knee, while plates and dishes crashed around it--once more the pig-baby was.',1,1,'2019-10-22 11:03:37'),(92,84,51,NULL,'King, and the other paw, \'lives a March Hare. \'Then it wasn\'t trouble enough hatching the eggs,\' said the Hatter: \'as the things get used to queer things happening. While she was walking hand in.',1,0,'2019-12-01 20:06:18'),(93,67,14,NULL,'I mentioned before, And have grown most uncommonly fat; Yet you balanced an eel on the glass table as before, \'It\'s all her riper years, the simple and loving heart of her or of anything else..',0,0,'2010-12-07 21:25:21'),(94,84,18,NULL,'Mary Ann, and be turned out of the house of the way down one side and up I goes like a star-fish,\' thought Alice. One of the pack, she could remember them, all these strange Adventures of hers that.',1,1,'2020-02-15 00:36:56'),(95,17,45,14,'Alice. \'You must be,\' said the King triumphantly, pointing to Alice with one eye; but to her feet, they seemed to be no use in saying anything more till the eyes appeared, and then nodded. \'It\'s no.',0,1,'2016-03-18 16:27:27'),(96,32,72,NULL,'I can\'t remember,\' said the Duchess. \'Everything\'s got a moral, if only you can find out the verses on his slate with one eye; \'I seem to encourage the witness at all: he kept shifting from one foot.',0,1,'2013-12-28 04:09:42'),(97,11,25,4,'Alice, \'it would be wasting our breath.\" \"I\'ll be judge, I\'ll be jury,\" Said cunning old Fury: \"I\'ll try the first verse,\' said the King, who had got its head to hide a smile: some of the country.',0,0,'2015-02-10 15:53:33'),(98,59,6,NULL,'There was a good deal frightened by this time, as it was good manners for her to speak with. Alice waited till she heard the Queen\'s voice in the pool was getting so far off). \'Oh, my poor little.',0,1,'2019-11-23 17:28:00'),(99,60,58,NULL,'I ever saw in another moment it was a little worried. \'Just about as she ran; but the Mouse was swimming away from her as hard as he came, \'Oh! the Duchess, \'chop off her knowledge, as there was the.',1,0,'2011-06-05 18:45:07'),(100,22,70,NULL,'Dormouse, and repeated her question. \'Why did you begin?\' The Hatter looked at her, and said, very gravely, \'I think, you ought to speak, and no room at all a proper way of settling all.',1,0,'2019-10-04 02:58:47');
/*!40000 ALTER TABLE `messages` ENABLE KEYS */;
UNLOCK TABLES;

--
-- Table structure for table `posts`
--

DROP TABLE IF EXISTS `posts`;
/*!40101 SET @saved_cs_client     = @@character_set_client */;
/*!40101 SET character_set_client = utf8 */;
CREATE TABLE `posts` (
  `id` int(10) unsigned NOT NULL AUTO_INCREMENT,
  `user_id` int(10) unsigned NOT NULL,
  `community_id` int(10) unsigned DEFAULT NULL,
  `head` varchar(255) DEFAULT NULL,
  `body` text NOT NULL,
  `media_id` int(10) unsigned DEFAULT NULL,
  `created_at` datetime DEFAULT CURRENT_TIMESTAMP,
  `updated_at` datetime DEFAULT CURRENT_TIMESTAMP ON UPDATE CURRENT_TIMESTAMP,
  PRIMARY KEY (`id`),
  KEY `post_owner_id_fk` (`user_id`),
  KEY `target_community_id_fk` (`community_id`),
  KEY `media_id_fk` (`media_id`),
  CONSTRAINT `media_id_fk` FOREIGN KEY (`media_id`) REFERENCES `media` (`id`),
  CONSTRAINT `post_owner_id_fk` FOREIGN KEY (`user_id`) REFERENCES `users` (`id`),
  CONSTRAINT `target_community_id_fk` FOREIGN KEY (`community_id`) REFERENCES `communities` (`id`)
) ENGINE=InnoDB DEFAULT CHARSET=latin1;
/*!40101 SET character_set_client = @saved_cs_client */;

--
-- Dumping data for table `posts`
--

LOCK TABLES `posts` WRITE;
/*!40000 ALTER TABLE `posts` DISABLE KEYS */;
/*!40000 ALTER TABLE `posts` ENABLE KEYS */;
UNLOCK TABLES;

--
-- Table structure for table `profiles`
--

DROP TABLE IF EXISTS `profiles`;
/*!40101 SET @saved_cs_client     = @@character_set_client */;
/*!40101 SET character_set_client = utf8 */;
CREATE TABLE `profiles` (
  `user_id` int(10) unsigned NOT NULL,
  `gender` char(1) COLLATE utf8_unicode_ci NOT NULL,
  `birthday` date DEFAULT NULL,
  `city` varchar(100) COLLATE utf8_unicode_ci DEFAULT NULL,
  `country` varchar(100) COLLATE utf8_unicode_ci DEFAULT NULL,
  `photo_id` int(10) unsigned DEFAULT NULL,
  PRIMARY KEY (`user_id`),
  KEY `profiles_photo_id_fk` (`photo_id`),
  CONSTRAINT `profiles_photo_id_fk` FOREIGN KEY (`photo_id`) REFERENCES `media` (`id`) ON DELETE SET NULL
) ENGINE=InnoDB DEFAULT CHARSET=utf8 COLLATE=utf8_unicode_ci;
/*!40101 SET character_set_client = @saved_cs_client */;

--
-- Dumping data for table `profiles`
--

LOCK TABLES `profiles` WRITE;
/*!40000 ALTER TABLE `profiles` DISABLE KEYS */;
INSERT INTO `profiles` VALUES (1,'m','2006-10-21','Lake Shaylee','Iraq',56),(2,'f','2005-07-08','North Selena','United States Virgin Islands',71),(3,'f','1971-12-29','Lake Christinaborough','Equatorial Guinea',87),(4,'m','2001-06-03','South Keeleyberg','Belize',21),(5,'f','1996-10-25','East Eduardo','Sweden',46),(6,'m','2014-09-27','Bartmouth','Brunei Darussalam',63),(7,'m','1988-09-01','North Eldridge','Tokelau',80),(8,'m','2018-04-14','Lake Jakob','South Africa',9),(9,'m','1994-02-13','Corteztown','San Marino',3),(10,'f','1995-01-20','New Brucehaven','Afghanistan',88),(11,'f','1998-06-25','Ameliaborough','Saint Martin',30),(12,'m','1994-07-31','Port Manuel','Eritrea',84),(13,'f','1992-11-29','Andreton','Chile',32),(14,'m','2014-04-17','Aramouth','Wallis and Futuna',7),(15,'m','2003-12-23','North Alexandreaville','Italy',36),(16,'f','2010-05-12','Bashirianberg','Reunion',62),(17,'m','2009-06-28','Austinchester','Comoros',100),(18,'m','1977-09-23','South Maximillianmouth','Martinique',13),(19,'f','1977-10-28','North Geovannyhaven','Bulgaria',64),(20,'f','2010-10-15','Krischester','Brazil',81),(21,'m','2010-12-31','Lednermouth','Comoros',13),(22,'m','1979-06-20','Shaynaland','Kuwait',23),(23,'m','1970-09-11','Lake Vidal','Philippines',74),(24,'f','1986-02-28','South Katelynnborough','South Africa',2),(25,'f','1995-11-12','West Torrey','Saint Lucia',86),(26,'f','1979-05-22','Lake Leannville','Pitcairn Islands',26),(27,'f','1982-03-18','Madonnahaven','French Polynesia',69),(28,'m','1975-10-30','Bergeborough','Iraq',65),(29,'f','2006-06-28','Luellaland','Tanzania',21),(30,'m','1989-11-09','Shyanneview','Saint Barthelemy',7),(31,'m','1999-10-14','Dwightstad','Chad',72),(32,'m','1992-04-18','West Jalonstad','Korea',40),(33,'m','1989-02-18','Kuvalisside','Mayotte',81),(34,'f','2006-09-23','Port Lauryn','Ecuador',87),(35,'f','1985-02-12','Jonesmouth','Sri Lanka',89),(36,'f','1970-12-12','Milliefort','Cayman Islands',84),(37,'f','1986-04-15','East Coralie','Romania',51),(38,'m','2008-07-06','Zboncakmouth','China',6),(39,'f','1971-05-11','Cristton','Ethiopia',73),(40,'f','2017-01-05','Kundechester','Mali',48),(41,'m','2014-06-25','Port Isai','Kenya',22),(42,'f','1972-12-27','West Reyna','Niue',63),(43,'m','2012-10-10','East Karlieport','Pakistan',49),(44,'m','2014-05-05','Port Elsechester','Burundi',55),(45,'f','1995-10-13','Lake Katelynview','Finland',28),(46,'f','2017-03-08','Patienceshire','Suriname',75),(47,'f','1998-11-09','Genefort','Guernsey',90),(48,'m','2018-07-30','Allyfort','Romania',26),(49,'m','1994-01-12','Orieville','Saudi Arabia',59),(50,'f','1983-12-27','Fayfurt','India',16),(51,'m','2007-08-07','Elnoraview','Kenya',2),(52,'f','1989-08-28','New Julius','Burkina Faso',63),(53,'f','1970-01-04','Lillaburgh','Korea',8),(54,'f','2001-09-12','North Gudrun','Mexico',50),(55,'f','2009-06-22','Port Kirstenport','Czech Republic',25),(56,'m','1988-08-26','North Jewell','Qatar',73),(57,'f','2008-08-29','Kaylinville','Namibia',91),(58,'m','1989-08-03','West Polly','Armenia',35),(59,'m','1974-08-13','Bertaton','Liberia',1),(60,'f','1980-12-20','North Eddtown','Thailand',2),(61,'m','1984-02-09','Berthaville','Northern Mariana Islands',4),(62,'f','1981-12-17','North Gretafort','Papua New Guinea',16),(63,'f','2004-01-11','East Edwinborough','Burundi',66),(64,'m','2006-05-28','Rutherfordville','Syrian Arab Republic',81),(65,'f','2019-11-20','West Saul','United States Minor Outlying Islands',7),(66,'m','1970-01-02','Parkerburgh','Sudan',91),(67,'m','1990-05-12','Marcellebury','Lithuania',32),(68,'m','1995-12-29','West Lucinda','Kenya',88),(69,'f','1993-12-09','Donnellyborough','Lesotho',42),(70,'m','2018-06-04','Koryside','Belarus',47),(71,'m','1985-03-17','Mantehaven','Turks and Caicos Islands',8),(72,'f','1991-08-03','Lake Eudoramouth','Turks and Caicos Islands',100),(73,'m','1979-06-19','Roslynborough','Lithuania',75),(74,'f','1987-10-23','McLaughlinfurt','Congo',74),(75,'m','2003-03-14','West Gwendolynville','Korea',45),(76,'m','2015-08-08','Magnushaven','Tanzania',3),(77,'f','1974-08-28','Albinafort','Djibouti',80),(78,'f','1970-11-16','North Lorena','Hong Kong',89),(79,'m','1990-09-03','North Rebeccafurt','Cocos (Keeling) Islands',6),(80,'f','1975-05-11','Gregoriachester','Guadeloupe',63),(81,'m','1982-06-25','Lake Adah','Dominica',96),(82,'f','2007-08-24','Minnieland','Guinea',92),(83,'m','1974-12-23','Maximillianview','Guyana',70),(84,'m','1990-07-18','South Jeramy','Belarus',73),(85,'m','1988-01-24','Lefflerstad','Serbia',57),(86,'f','1991-11-19','Niamouth','Argentina',63),(87,'m','1989-02-10','Rozellachester','Bhutan',45),(88,'f','2005-02-02','New Sallietown','Mauritius',37),(89,'f','2003-11-26','Kirlinburgh','Costa Rica',49),(90,'f','2003-01-13','Cummeratatown','Jamaica',31),(91,'f','1994-05-26','Langhaven','Ethiopia',9),(92,'f','2017-08-04','South Brigitteville','Honduras',52),(93,'m','2018-06-06','West Rebahaven','Cook Islands',34),(94,'m','2011-06-27','Lake Liza','Kazakhstan',13),(95,'m','2003-04-28','South Kasey','Seychelles',61),(96,'m','1996-10-17','New Isabelle','Zambia',66),(97,'f','2016-02-28','Quitzonfort','Peru',45),(98,'m','2016-06-27','South Larueside','Tajikistan',30),(99,'f','2019-09-28','East Erling','Anguilla',11),(100,'m','2015-04-06','Lake Leonor','Mayotte',67);
/*!40000 ALTER TABLE `profiles` ENABLE KEYS */;
UNLOCK TABLES;

--
-- Table structure for table `target_types`
--

DROP TABLE IF EXISTS `target_types`;
/*!40101 SET @saved_cs_client     = @@character_set_client */;
/*!40101 SET character_set_client = utf8 */;
CREATE TABLE `target_types` (
  `id` int(10) unsigned NOT NULL AUTO_INCREMENT,
  `name` varchar(255) NOT NULL,
  `created_at` datetime DEFAULT CURRENT_TIMESTAMP,
  PRIMARY KEY (`id`),
  UNIQUE KEY `name` (`name`)
) ENGINE=InnoDB AUTO_INCREMENT=5 DEFAULT CHARSET=latin1;
/*!40101 SET character_set_client = @saved_cs_client */;

--
-- Dumping data for table `target_types`
--

LOCK TABLES `target_types` WRITE;
/*!40000 ALTER TABLE `target_types` DISABLE KEYS */;
INSERT INTO `target_types` VALUES (1,'messages','2020-05-07 19:12:40'),(2,'users','2020-05-07 19:12:40'),(3,'media','2020-05-07 19:12:40'),(4,'posts','2020-05-07 19:12:40');
/*!40000 ALTER TABLE `target_types` ENABLE KEYS */;
UNLOCK TABLES;

--
-- Table structure for table `users`
--

DROP TABLE IF EXISTS `users`;
/*!40101 SET @saved_cs_client     = @@character_set_client */;
/*!40101 SET character_set_client = utf8 */;
CREATE TABLE `users` (
  `id` int(10) unsigned NOT NULL AUTO_INCREMENT,
  `first_name` varchar(100) COLLATE utf8_unicode_ci NOT NULL,
  `last_name` varchar(100) COLLATE utf8_unicode_ci NOT NULL,
  `email` varchar(120) COLLATE utf8_unicode_ci NOT NULL,
  `phone` varchar(120) COLLATE utf8_unicode_ci NOT NULL,
  `created_at` datetime DEFAULT CURRENT_TIMESTAMP,
  `updated_at` datetime DEFAULT CURRENT_TIMESTAMP ON UPDATE CURRENT_TIMESTAMP,
  PRIMARY KEY (`id`),
  UNIQUE KEY `email` (`email`),
  UNIQUE KEY `phone` (`phone`)
) ENGINE=InnoDB AUTO_INCREMENT=101 DEFAULT CHARSET=utf8 COLLATE=utf8_unicode_ci;
/*!40101 SET character_set_client = @saved_cs_client */;

--
-- Dumping data for table `users`
--

LOCK TABLES `users` WRITE;
/*!40000 ALTER TABLE `users` DISABLE KEYS */;
INSERT INTO `users` VALUES (1,'Linnea','Heidenreich','anika.walsh@example.net','+14(9)8559106127','2014-02-25 13:48:34','2015-06-06 12:37:19'),(2,'Alysson','Runte','kuhlman.rodrick@example.net','165-568-9212x11557','2017-09-04 09:57:10','2020-04-27 20:03:51'),(3,'Luther','Ritchie','sabryna35@example.com','(576)732-6005x35837','2015-03-01 17:03:14','2016-05-21 08:41:45'),(4,'Ubaldo','Littel','kuhlman.arianna@example.net','(333)696-4196x67934','2010-07-25 01:25:11','2018-03-26 19:50:27'),(5,'Velda','Boehm','elangworth@example.com','583-179-4243','2013-05-05 20:14:44','2020-04-27 20:03:51'),(6,'Rogers','Nader','rolfson.jevon@example.net','+05(0)0703201243','2020-03-15 03:02:02','2020-04-27 20:03:51'),(7,'Brad','Grant','conner77@example.com','(578)798-0266','2017-01-14 16:59:30','2017-03-16 15:58:59'),(8,'Jerry','Erdman','foster37@example.net','+49(9)3126994305','2011-11-06 09:14:25','2020-04-27 20:03:51'),(9,'Jamil','Bradtke','joseph98@example.com','673.879.0425x00045','2018-09-29 13:11:06','2020-04-27 20:03:51'),(10,'Carroll','Balistreri','metz.halle@example.org','603.675.9572x076','2012-04-07 19:42:09','2019-03-01 18:17:56'),(11,'Sharon','Nader','kstehr@example.net','939.612.3083x30233','2017-11-16 00:26:14','2020-04-27 20:03:51'),(12,'Deanna','Thompson','lyric.larkin@example.net','(607)090-1202','2014-12-25 23:04:57','2019-11-07 17:26:17'),(13,'Leif','Spencer','christopher.jakubowski@example.net','509.347.5641x0043','2012-03-03 06:52:01','2013-11-03 15:09:48'),(14,'Maxine','Donnelly','rhiannon84@example.com','804.695.0271','2012-06-18 09:46:47','2013-02-15 15:42:21'),(15,'Lyric','Bosco','fcremin@example.net','368.143.3361x2027','2018-07-08 09:41:00','2020-04-10 13:37:42'),(16,'Abel','Towne','madyson92@example.com','+56(2)2108201860','2014-04-20 18:31:14','2020-04-27 20:03:51'),(17,'Emmie','Hansen','khettinger@example.net','553-077-0996','2011-06-16 17:57:40','2020-04-27 20:03:51'),(18,'Bette','Lemke','armando88@example.net','1-488-633-8025x335','2014-09-29 17:29:44','2020-04-27 20:03:51'),(19,'Presley','Bauch','gregoria85@example.com','029.456.7662x0314','2018-04-18 14:26:58','2020-04-27 20:03:51'),(20,'Linnie','VonRueden','ahmed.bartoletti@example.net','700.438.8359','2015-03-28 12:58:01','2020-04-27 20:03:51'),(21,'Leif','White','reinger.alysson@example.net','875.011.9403x1497','2010-06-07 14:32:32','2012-09-28 13:06:27'),(22,'Berneice','O\'Keefe','xschaefer@example.org','951-128-9552','2014-02-12 01:54:24','2020-04-27 20:03:51'),(23,'Easton','Rosenbaum','evans04@example.org','(961)721-6200x9446','2014-06-10 02:00:01','2020-04-27 20:03:51'),(24,'Raina','Krajcik','dthiel@example.org','+07(7)4122352782','2016-10-22 01:17:08','2020-04-27 20:03:51'),(25,'Avis','Will','xdurgan@example.org','+31(3)2243069934','2017-10-22 14:58:32','2020-04-27 20:03:51'),(26,'Dangelo','Boyer','dibbert.minnie@example.com','(400)743-0777x63737','2012-09-12 08:30:44','2017-02-26 02:46:34'),(27,'Jayson','Cormier','stiedemann.myrtice@example.org','07132246169','2010-10-03 07:03:32','2017-11-24 01:11:15'),(28,'Alejandrin','Volkman','bode.giuseppe@example.org','+42(4)9251140792','2010-11-11 21:00:38','2019-03-01 17:38:25'),(29,'Don','Armstrong','lavada49@example.org','787-763-4006','2013-06-07 07:58:56','2020-04-27 20:03:51'),(30,'Holden','Gorczany','raymundo.wiza@example.com','06415204862','2020-02-10 18:05:39','2020-04-27 20:03:51'),(31,'Anastacio','Boehm','americo.baumbach@example.net','(115)882-2702x5163','2016-06-10 12:58:45','2017-04-16 08:40:50'),(32,'Manuel','Raynor','zander12@example.org','203.932.2772','2017-04-04 05:26:32','2020-04-27 20:03:51'),(33,'Leonardo','Will','joanie25@example.net','348.900.5532x3624','2017-03-06 23:37:34','2020-04-27 20:03:51'),(34,'Anne','Turcotte','mayert.kennedi@example.org','04392452916','2016-01-31 06:10:12','2020-04-27 20:03:51'),(35,'Henriette','Hayes','kbartell@example.org','1-879-788-9735','2016-09-10 03:32:25','2020-04-27 20:03:51'),(36,'Desiree','Frami','johns.tamara@example.com','1-677-166-4581x7969','2013-03-09 14:51:45','2020-04-27 20:03:51'),(37,'Jensen','Welch','sjacobi@example.net','410.346.3656x7792','2015-02-24 03:17:02','2015-07-04 02:51:45'),(38,'Stacy','Ziemann','justina86@example.com','1-266-198-4541x2800','2018-05-11 12:33:59','2020-01-21 17:03:16'),(39,'Kareem','Crona','vrosenbaum@example.org','(974)921-8402','2013-06-12 18:45:59','2014-04-10 23:44:26'),(40,'Rosendo','Dach','breanna.cummings@example.com','033.416.1450x344','2014-10-28 19:56:15','2017-07-30 08:57:23'),(41,'Bell','Connelly','brad67@example.org','462.008.5864','2015-10-03 05:16:21','2019-11-01 19:40:59'),(42,'Breana','Roberts','haag.lowell@example.org','782-297-9147x962','2012-07-29 00:35:28','2020-04-27 20:03:51'),(43,'Anjali','Medhurst','nolan.gilberto@example.org','825-647-5309','2014-02-10 18:29:36','2020-04-27 20:03:51'),(44,'Matilde','Jacobs','nhirthe@example.org','(652)947-9663','2010-09-24 16:47:00','2011-06-29 17:14:32'),(45,'Laurel','Cartwright','zemlak.mavis@example.org','(294)369-4684x0858','2014-05-17 13:37:02','2020-04-27 20:03:51'),(46,'Kamryn','Veum','burley69@example.com','531-019-9270x191','2017-06-15 15:39:47','2019-12-05 17:54:26'),(47,'Estel','Gibson','viviane.hartmann@example.org','1-542-042-2105x573','2017-08-19 01:40:31','2020-04-27 20:03:51'),(48,'Luciano','Crist','jennie.stokes@example.com','291-333-6479x77489','2014-06-06 20:56:50','2017-05-19 22:03:34'),(49,'Gina','Fadel','angelo.gorczany@example.net','070-763-8018','2013-03-12 13:02:00','2014-03-31 10:43:07'),(50,'Gregoria','Altenwerth','grath@example.org','785.156.8448x9510','2018-05-29 06:40:44','2020-03-27 17:23:23'),(51,'Roger','Hegmann','zboncak.reese@example.org','01643181792','2015-09-06 16:47:23','2020-04-27 20:03:51'),(52,'Brandyn','Pacocha','evans.hegmann@example.net','1-395-812-2407x947','2011-06-06 06:11:22','2012-01-23 08:21:06'),(53,'Maymie','Mitchell','batz.otho@example.org','736.407.8508','2019-05-13 03:53:43','2020-04-27 20:03:51'),(54,'Clark','Schimmel','gbatz@example.com','1-422-042-5186','2019-08-05 16:11:25','2019-09-15 04:06:34'),(55,'Amely','Thiel','hildegard.prohaska@example.net','00186373992','2019-12-27 09:04:02','2020-04-27 20:03:51'),(56,'Khalid','Denesik','elangworth@example.org','1-683-582-0972','2014-02-02 13:51:43','2020-04-27 20:03:51'),(57,'Elissa','Brown','timmothy.gleichner@example.com','05041142413','2014-04-28 23:34:03','2017-02-18 12:29:49'),(58,'Edgardo','Kerluke','bill.runolfsson@example.net','1-132-331-5976','2016-05-14 17:09:28','2018-05-31 18:08:44'),(59,'Rebeka','Sporer','wilkinson.einar@example.org','445-252-0051x35988','2013-07-10 05:18:50','2020-04-27 20:03:51'),(60,'Virgie','Aufderhar','gerson.o\'keefe@example.net','1-219-893-6496x8119','2012-03-18 21:19:55','2015-03-16 11:10:17'),(61,'Marisa','Muller','roberto.prohaska@example.org','945.707.6003','2011-07-20 10:32:50','2019-04-24 03:18:39'),(62,'Friedrich','Hand','ransom.reichert@example.com','(384)927-5776x0539','2015-06-02 05:51:52','2020-04-27 20:03:51'),(63,'Maureen','Keebler','solon48@example.net','(931)773-5619','2017-02-20 20:31:57','2020-04-27 20:03:51'),(64,'Meda','Emard','eerdman@example.com','565.952.0594x6860','2010-12-11 22:13:53','2019-07-28 16:21:34'),(65,'Elvie','Hartmann','christiansen.julien@example.org','1-328-340-1718x765','2015-11-12 00:53:23','2020-04-27 20:03:51'),(66,'Cesar','Daniel','conroy.verlie@example.net','1-026-519-9456x4617','2018-03-12 01:39:29','2020-04-27 20:03:51'),(67,'Emilio','Dibbert','prohaska.blanca@example.net','471.708.4150x1051','2019-07-18 19:29:20','2020-04-27 20:03:51'),(68,'Casimer','Reichel','alana75@example.net','855.190.1782x581','2013-12-08 00:07:26','2014-10-14 14:56:16'),(69,'Kieran','Auer','kaylie.marvin@example.org','412-651-3282x91831','2015-05-23 15:41:31','2020-04-27 20:03:51'),(70,'Bernhard','Mante','babshire@example.net','1-465-053-9510','2016-12-27 21:37:37','2017-06-21 04:19:42'),(71,'Demond','Gleichner','breichel@example.net','758-098-3894x7880','2012-01-30 20:56:29','2014-08-09 18:02:06'),(72,'Brook','Lueilwitz','lucy.mosciski@example.net','897.778.1971','2019-11-18 04:03:13','2020-04-27 20:03:51'),(73,'Asia','Beahan','harvey.eino@example.net','1-576-523-2950x7147','2019-10-08 19:52:06','2020-04-27 20:03:51'),(74,'Barney','Huels','dakota.padberg@example.net','(477)093-5773x9821','2018-04-21 18:37:56','2020-04-27 20:03:51'),(75,'Gunnar','Yundt','fkessler@example.com','+10(6)4239681593','2013-08-02 02:47:07','2020-04-27 20:03:51'),(76,'Koby','Gusikowski','waylon.dooley@example.org','1-901-417-5152x7829','2010-05-09 00:46:50','2015-04-22 23:24:39'),(77,'Asha','Goodwin','cjones@example.com','07102780446','2010-11-13 17:25:49','2012-10-31 03:36:18'),(78,'Anabelle','Bode','theodora.schmitt@example.com','831-125-4340x2299','2012-10-13 07:32:35','2019-09-23 11:14:12'),(79,'Herminio','Mante','jane.aufderhar@example.com','205-131-5123x500','2016-07-22 17:10:51','2020-04-27 20:03:51'),(80,'Theresia','Blanda','pacocha.isaac@example.com','438.576.5228x30136','2010-07-26 08:45:32','2018-07-24 18:37:10'),(81,'Keegan','Reichert','volkman.lea@example.net','911-056-5101','2018-07-17 19:40:31','2020-04-27 20:03:51'),(82,'Maida','Carter','asia37@example.com','(525)907-0331','2013-07-05 14:29:15','2020-04-27 20:03:51'),(83,'Heath','Schinner','wwalker@example.com','01655973543','2016-05-16 02:11:28','2017-10-31 14:44:33'),(84,'Dorothy','Erdman','derek63@example.org','1-041-472-5223','2015-11-21 02:27:19','2020-04-27 20:03:51'),(85,'Montana','Bernier','makenna67@example.net','936.699.8943x8545','2017-05-23 21:51:32','2017-10-20 19:11:05'),(86,'Lottie','Windler','jules03@example.org','1-865-958-8657','2019-10-21 05:16:17','2020-04-27 20:03:51'),(87,'Ashleigh','Legros','powlowski.fern@example.net','949.872.8162x6204','2016-10-08 15:45:52','2020-04-27 20:03:51'),(88,'Lamar','Volkman','kfeil@example.net','+42(7)2187624855','2019-04-30 23:36:36','2020-04-27 20:03:51'),(89,'Sigmund','Muller','alfred.bartoletti@example.org','+99(0)1574578472','2016-03-28 20:57:02','2019-11-03 13:10:55'),(90,'Stephen','White','meredith49@example.net','196-439-2157x56072','2017-09-29 20:06:55','2020-04-27 20:03:51'),(91,'Evans','Gleichner','angeline.dach@example.org','+66(6)0439689013','2020-02-03 00:30:11','2020-04-27 20:03:51'),(92,'Merl','Hoppe','lhamill@example.com','677-711-5054','2015-01-09 00:26:47','2016-07-16 04:55:45'),(93,'Fermin','Tillman','kwiza@example.com','(941)526-7286x9833','2013-12-21 09:26:39','2015-08-22 08:53:15'),(94,'Marianne','Emmerich','ullrich.sandra@example.org','1-215-788-3864x3551','2011-12-21 17:12:35','2014-01-23 00:27:38'),(95,'Rodrick','Casper','hollis61@example.net','+66(0)8303683196','2012-09-29 01:53:14','2012-12-15 16:27:59'),(96,'Margarette','Wiegand','oma95@example.org','280.891.6884x96689','2018-07-24 19:51:06','2020-04-27 20:03:51'),(97,'Raymundo','Morar','juana.brakus@example.net','09985430981','2011-04-23 08:11:07','2014-10-10 13:31:12'),(98,'Bart','Orn','jack.heaney@example.net','1-249-988-5449','2014-10-07 20:34:27','2017-10-10 06:38:32'),(99,'Lavina','Zemlak','justina.morar@example.com','+39(6)1435613257','2016-07-17 10:44:53','2020-04-27 20:03:51'),(100,'Thalia','Medhurst','harris.esther@example.net','(796)972-7487','2010-11-02 20:04:49','2019-04-29 13:36:38');
/*!40000 ALTER TABLE `users` ENABLE KEYS */;
UNLOCK TABLES;
/*!40103 SET TIME_ZONE=@OLD_TIME_ZONE */;

/*!40101 SET SQL_MODE=@OLD_SQL_MODE */;
/*!40014 SET FOREIGN_KEY_CHECKS=@OLD_FOREIGN_KEY_CHECKS */;
/*!40014 SET UNIQUE_CHECKS=@OLD_UNIQUE_CHECKS */;
/*!40101 SET CHARACTER_SET_CLIENT=@OLD_CHARACTER_SET_CLIENT */;
/*!40101 SET CHARACTER_SET_RESULTS=@OLD_CHARACTER_SET_RESULTS */;
/*!40101 SET COLLATION_CONNECTION=@OLD_COLLATION_CONNECTION */;
/*!40111 SET SQL_NOTES=@OLD_SQL_NOTES */;

-- Dump completed on 2020-05-11 19:53:49
